Node;Name
CCL5_ACKR2_complex;ACKR2
ACKR3_CXCL12_complex;ACKR3
CXCL13_ACKR4_complex_M1_macrophage__Cytoplasmic_membrane_up,CXCL13_ACKR4_complex_M2_macrophage__cytoplasmic_membrane_up;ACKR4
ACVR2A_ACVR2B_complex;ACVR2A
ACVR2A_ACVR2B_complex;ACVR2B
ADAMTS4;ADAMTS4
ADAMTS9_rna;ADAMTS9
ADCY8;ADCY8
AGT;AGT
AKT1_M1_macrophage___Cytoplasm,AKT1_M2_macrophage_nucleus,AKT1_phosphorylated,AKT1_TH1___cytoplasm;AKT1
AKT2;AKT2
AMAP1;AMAP1
APAF1;APAF1
CTNNB_CK1A_AXIN_GSK3B_APC_complex,GSK3b_APC_AXIN1_CTNNB1_CK1A_complex;APC
AREG_Fibroblast___Extracellular_Space,AREG_M1_macrophage___Secreted_components;AREG
ARHGEF12;ARHGEF12
ARHGEF2_Fibroblast___Cytoplasm,ARHGEF2_TH1___cytoplasm;ARHGEF2
ARI_ARII_bmp6_complex;ARI
ARI_ARII_bmp6_complex;ARII
ARRB2_Fibroblast___Cytoplasm,ARRB2_M1_macrophage___Cytoplasm,ARRB2_M2_macrophage__cytoplasm;ARRB2
ASC_M1_macrophage___Cytoplasm,ASC_M2_macrophage__cytoplasm;ASC
ASK1_M1_macrophage___Cytoplasm,ASK1_M2_macrophage__cytoplasm;ASK1
CTNNB_CK1A_AXIN_GSK3B_APC_complex,GSK3b_APC_AXIN1_CK1A_complex,GSK3b_APC_AXIN1_CTNNB1_CK1A_complex,GSK3b_APC_AXIN1_CK1A_complex,GSK3b_APC_AXIN1_CTNNB1_CK1A_complex;AXIN1
PDIA3_HLA_A_B2M_complex;B2M
BAD_Fibroblast___Mitochondrion,BAD_M1_macrophage__Mitochondria_membrane,BAD_M2_macrophage_mitochondrion_membrane;BAD
BAK1;BAK1
BAX_Fibroblast___Mitochondrion,BAX_Fibroblast___Mitochondrion_active,BAX_M1_macrophage__Mitochondria_membrane,BAX_M2_macrophage_mitochondrion_membrane;BAX
BCL2_Fibroblast___Mitochondrion,Bcl2_rna_M1_macrophage___nucleus,Bcl2_rna_M2_macrophage_nucleus;BCL2
BCL2L11_Fibroblast___Cytoplasm,BCL2L11_TH1___cytoplasm;BCL2L11
BCL3_rna_M1_macrophage___nucleus,BCL3_rna_M2_macrophage_nucleus;BCL3
BID,tBID,tBID;BID
Bim_M1_macrophage__Mitochondria,Bim_M2_macrophage__mitochondria;BIM
bmp6;BMP6
BRAF_phosphorylated;BRAF
BSG;BSG
BTK_rna;BTK
BTRC_rna;BTRC
c5a_M1_macrophage___Extracellular_Space,c5a_M2_macrophage__extracellular_space;C5A
C5a_C5aR1_complex_M1_macrophage__Cytoplasmic_membrane_up,C5a_C5aR1_complex_M2_macrophage__cytoplasmic_membrane_up;C5AR1
CALCINEURIN;CALCINEURIN
Casp1_M1_macrophage___Cytoplasm,Casp1_M2_macrophage__cytoplasm;CASP1
CASP3_Fibroblast___Cytoplasm,CASP3_M1_macrophage___Cytoplasm,CASP3_M2_macrophage__cytoplasm;CASP3
CASP7_M1_macrophage___Cytoplasm,CASP7_M2_macrophage__cytoplasm;CASP7
CASP8_Fibroblast___Cytoplasm,CASP8_M1_macrophage___Cytoplasm,CASP8_M2_macrophage__cytoplasm;CASP8
CASP9_Fibroblast___Cytoplasm,CASP9_M1_macrophage___Cytoplasm,CASP9_M2_macrophage__cytoplasm;CASP9
CAV1_rna;CAV1
CCL18_Fibroblast___Extracellular_Space,CCL18_M2_macrophage__secreted_components,PITPNM3_CCL18_complex;CCL18
CCL2_Fibroblast___Extracellular_Space,CCL2_M1_macrophage___Extracellular_Space,CCL2_TH1___extracellular_space;CCL2
CCL20_M1_macrophage___Secreted_components,CCL20_M2_macrophage__secreted_components;CCL20
CCL21;CCL21
CCl21_M1_macrophage___Extracellular_Space,CCl21_M2_macrophage__extracellular_space;CCl21
CCL3_M1_macrophage___Secreted_components,CCL3_TH1___secreted_components;CCL3
CCL4_TH1___extracellular_space;CCL4
CCL5_Fibroblast___Extracellular_Space,CCL5_TH1___extracellular_space;CCL5
CCNA2;CCNA2
CCNB1_CDC2_complex;CCNB1
CCND1_rna;CCND1
CCND2;CCND2
CCL2_CCR2_complex_M1_macrophage__Cytoplasmic_membrane_up,CCL2_CCR2_complex_TH1___cytoplasmic_membrane_up,CCR2_CCL2_complex;CCR2
CCL4_5_CCR5_complex,CCL5_CCR5_complex,CCR5;CCR5
CCL21_CCR7_complex_M1_macrophage__Cytoplasmic_membrane_up,CCL21_CCR7_complex_M2_macrophage__cytoplasmic_membrane_up;CCR7
LBP_CD14_complex,TLR4_Md2_CD14_fibrinogen_complex;CD14
immune_complex_CD16a_complex;CD16A
CD28,CD28_CD86_complex;CD28
TCR_CD3_complex;CD3
CD32a;CD32A
CD32b_igG_complex,CD32b_rna,immune_complex_CD32B_complex;CD32B
CD40_Fibroblast__Cytoplasmic_membrane_up,CD40_M1_macrophage__Cytoplasmic_membrane_down;CD40
CD40LG_CD40_complex,CD40LG_ITGAM_ITGB2_complex,CD40LG_ITGB1_ITGA1_complex_M1_macrophage__Cytoplasmic_membrane_up,CD40LG_ITGB1_ITGA1_complex_M2_macrophage__cytoplasmic_membrane_up,CD40LG_M1_macrophage__Cytoplasmic_membrane_down,CD40LG_M2_macrophage__cytoplasmic_membrane_down,CD40LG_TH1___cytoplasmic_membrane_down;CD40LG
immune_complex_CD64_complex;CD64
MIF_CD74_complex;CD74
CD80;CD80
CD84_CD84_complex,CD84_Fibroblast__Cytoplasmic_membrane_down,CD84_M1_macrophage__Cytoplasmic_membrane_down,CD84_M2_macrophage__cytoplasmic_membrane_down,CD84_TH1___cytoplasmic_membrane_up;CD84
CD28_CD86_complex,CD86_M1_macrophage__Cytoplasmic_membrane_down,CD86_M2_macrophage__cytoplasmic_membrane_down;CD86
CCNB1_CDC2_complex,CDC25B_C;CDC2
CDC25B_C;CDC25B
CDKN1A;CDKN1A
CFLAR_Fibroblast___Cytoplasm,CFLAR_Fibroblast___Cytoplasm_active,cFLIP_M1_macrophage___Cytoplasm,cFLIP_M1_macrophage___Cytoplasm_active,cFLIP_M2_macrophage__cytoplasm,cFLIP_M2_macrophage__cytoplasm_active;CFLAR
cGAS;cGAS
CHUK_phosphorylated;CHUK
cIAP1;BIRC2
CTNNB_CK1A_AXIN_GSK3B_APC_complex,GSK3b_APC_AXIN1_CK1A_complex,GSK3b_APC_AXIN1_CTNNB1_CK1A_complex;CK1A
cMyc,cMyc_phosphorylated_M2_macrophage__cytoplasm,cMyc_phosphorylated_M2_macrophage_nucleus,c_Myc_rna_M1_macrophage___nucleus,c_Myc_rna_M2_macrophage_nucleus,cMyc,cMyc_phosphorylated_M2_macrophage__cytoplasm,cMyc_phosphorylated_M2_macrophage_nucleus;MYC
col4a3_Fibroblast___Extracellular_Space,COL4A3_ITGA4_ITGB7_complex,col4a3_M2_macrophage__secreted_components,col4a3_TH1___extracellular_space,ITGA4_ITGB1_col4a3_complex;COL4A3
col4a4_Fibroblast___secreted_components,col4a4_M1_macrophage___Extracellular_Space,col4a4_M2_macrophage__extracellular_space;COL4A4
COL4A5,col4a5_Fibroblast___Extracellular_Space,col4a5_M1_macrophage___Extracellular_Space,col4a5_M2_macrophage__extracellular_space,ITGA5_ITGB1_col4a5_complex;COL4A5
COMP;COMP
COX2_rna_M1_macrophage___nucleus,COX2_rna_M2_macrophage_nucleus;COX2
CPNE3_rna;CPNE3
CREB1_phosphorylated_Fibroblast___nucleus,CREB1_phosphorylated_M2_macrophage_nucleus,CREB1_phosphorylated_TH1___nucleus;CREB1
CRKL_phosphorylated_Fibroblast___Cytoplasm,CRKL_phosphorylated_M1_macrophage___Cytoplasm,DOCK2_CRKL_complex,STAT5_CRKL_complex;CRKL
CSF1_M2_macrophage__extracellular_space,CSF1_M2_macrophage__secreted_components,CSF1_rna;CSF1
CSF1R,CSF1R_CSF1_complex;CSF1R
CSF2_Fibroblast___Extracellular_Space,CSF2_M1_macrophage___Extracellular_Space,CSF2RA_CSF2RB_complex_Fibroblast__Cytoplasmic_membrane_up,CSF2RA_CSF2RB_complex_M1_macrophage__Cytoplasmic_membrane_up,CSF2RA_CSF2RB_CSF2_complex;CSF2
CSF2RA_CSF2RB_complex_Fibroblast__Cytoplasmic_membrane_up,CSF2RA_CSF2RB_complex_M1_macrophage__Cytoplasmic_membrane_up,CSF2RA_CSF2RB_CSF2_complex;CSF2RA
CSF2RA_CSF2RB_complex_Fibroblast__Cytoplasmic_membrane_up,CSF2RA_CSF2RB_complex_M1_macrophage__Cytoplasmic_membrane_up,CSF2RA_CSF2RB_CSF2_complex;CSF2RB
CSFR1R_IL34_complex;CSFR1R
CSK;CSK
CSL,NICD_CSL_SKIP_MAML1_ep300_complex,NICD_EP300_SKIP_CSL_MAML1_complex;CSL
CTF1,LIFR_IL6ST_CTF1_complex;CTF1
CTNNB_CK1A_AXIN_GSK3B_APC_complex,CTNNB1_Fibroblast___nucleus,CTNNB1_M2_macrophage_nucleus,CTNNB1_TCF_LEF_complex,GSK3b_APC_AXIN1_CTNNB1_CK1A_complex;CTNNB
CTNNB1_Fibroblast___nucleus,CTNNB1_M2_macrophage_nucleus,CTNNB1_TCF_LEF_complex,GSK3b_APC_AXIN1_CTNNB1_CK1A_complex;CTNNB1
CTSK_rna;CTSK
CXCL1_M1_macrophage___Extracellular_Space;CXCL1
CXCL10_CXCR3_complex_Fibroblast__Cytoplasmic_membrane_up,CXCL10_CXCR3_complex_TH1___cytoplasmic_membrane_up,CXCL10_Fibroblast___Extracellular_Space,CXCL10_TH1___extracellular_space;CXCL10
CXCL11;CXCL11
ACKR3_CXCL12_complex,CXCL12;CXCL12
CXCL13_ACKR4_complex_M1_macrophage__Cytoplasmic_membrane_up,CXCL13_ACKR4_complex_M2_macrophage__cytoplasmic_membrane_up,CXCL13_CXCR3_complex,CXCL13_Fibroblast___Extracellular_Space,CXCL13_M1_macrophage___Extracellular_Space,CXCL13_M2_macrophage__extracellular_space;CXCL13
CXCL16_CXCR6_complex,CXCL16_TH1___extracellular_space;CXCL16
CXCL2;CXCL2
CXCL3;CXCL3
CXCL8_Fibroblast___Extracellular_Space,CXCR2_CXCL8_complex;CXCL8
CXCL9_Fibroblast___secreted_components,CXCL9_M1_macrophage___Secreted_components;CXCL9
CXCR1,CXCR1_IL8_complex_M1_macrophage__Cytoplasmic_membrane_up,CXCR1_IL8_complex_M2_macrophage__cytoplasmic_membrane_up;CXCR1
CXCR2_CXCL8_complex;CXCR2
CXCL10_CXCR3_complex_Fibroblast__Cytoplasmic_membrane_up,CXCL10_CXCR3_complex_TH1___cytoplasmic_membrane_up,CXCL13_CXCR3_complex,CXCR3;CXCR3
MIF_CXCR4_complex;CXCR4
CXCL16_CXCR6_complex;CXCR6
CYCS;CYCS
CYLD;CYLD
CypA;PPIA
DAG_simple_molecule;DAG
DAXX_Fibroblast___Cytoplasm,DAXX_M1_macrophage___Cytoplasm,DAXX_M2_macrophage__cytoplasm,DAXX_TH1___cytoplasm;DAXX
DKK1;DKK1
DOCK2,DOCK2_CRKL_complex;DOCK2
DUSP1_M1_macrophage___Cytoplasm,DUSP1_M2_macrophage__cytoplasm;DUSP1
DUSP7;DUSP7
Dvl1,DVL1_phosphorylated;DVL1
DYNLRB1;DYNLRB1
RBL1_E2F4_DP1_complex;E2F4
C_EBPb_phosphorylated;EBPB
ECSIT,TRAF6_ECSIT_MEKK1_TAB1_TAB2_TAK1_complex;ECSIT
EDA_EDA2R_complex,EDA_Fibroblast___Extracellular_Space,EDA_M1_macrophage___Secreted_components,EDA_M2_macrophage__secreted_components;EDA
EDA_EDA2R_complex;EDA2R
EDN1;EDN1
EFNB1,EFNB1_EPHB1_complex,efnb1_rna;EFNB1
EGF,EGF_EGFR_complex;EGF
AREG_EGFR_complex,EGF_EGFR_complex,EGFR,HBGEF_EGFR_complex;EGFR
ELK1_phosphorylated;ELK1
EOMES;EOMES
EP300,NICD_CSL_SKIP_MAML1_ep300_complex,NICD_EP300_SKIP_CSL_MAML1_complex;EP300
EFNB1_EPHB1_complex;EPHB1
EPHB2;EPHB2
ERK1_phosphorylated_M1_macrophage___Cytoplasm,ERK1_phosphorylated_M1_macrophage___nucleus,ERK1_phosphorylated_M2_macrophage__cytoplasm,ERK1_phosphorylated_M2_macrophage_nucleus;ERK1
AGT_F2R_complex;F2R
FADD_Fibroblast___Cytoplasm,FADD_M1_macrophage___Cytoplasm,FADD_M2_macrophage__cytoplasm;FADD
FAS_FASL_complex,FAS_M1_macrophage__Cytoplasmic_membrane_up,FAS_M2_macrophage__cytoplasmic_membrane_up,FASL_FAS_complex_M1_macrophage__Cytoplasmic_membrane_up,FASL_FAS_complex_M2_macrophage__cytoplasmic_membrane_up,FASLG_FAS_complex;FAS
FAS_FASL_complex,FASL_FAS_complex_M1_macrophage__Cytoplasmic_membrane_up,FASL_FAS_complex_M2_macrophage__cytoplasmic_membrane_up,FASL_M1_macrophage___Extracellular_Space,FASL_M1_macrophage___Secreted_components,FASL_M2_macrophage__extracellular_space,FASL_M2_macrophage__secreted_components,FASLG_FAS_complex,FASLG_Fibroblast___Extracellular_Space,FASLG_TH1___extracellular_space,FASLG_TH1___secreted_components,FASLG_FAS_complex,FASLG_Fibroblast___Extracellular_Space,FASLG_TH1___extracellular_space,FASLG_TH1___secreted_components;FASLG
FGF1,FGF1_FGFR4_complex;FGF1
FGF1_FGFR4_complex;FGFR4
FGR;FGR
TLR4_Md2_CD14_fibrinogen_complex;fibrinogen
FN1_Fibroblast___Extracellular_Space,FN1_ITGAV_complex,FN1_M2_macrophage__secreted_components;FN1
c_FOS_M1_macrophage___Cytoplasm,c_FOS_M1_macrophage___Cytoplasm_active,c_FOS_M1_macrophage___nucleus,FOS;FOS
FOXO_M1_macrophage___Cytoplasm,FOXO_M1_macrophage___nucleus,FOXO1_Fibroblast___nucleus,FOXO1_M2_macrophage_nucleus,FOXO3;FOXO
FOXO1_Fibroblast___nucleus,FOXO1_M2_macrophage_nucleus;FOXO1
FOXO3;FOXO3
WNT_FRIZZLED_complex;FRIZZLED
FZD1_LRP5_complex,WNT5B_FZD1_LRP5_complex;FZD1
FZD5_LRP5_wnt5a_complex;FZD5
GAB1;GAB1
GAB2_phosphorylated_Fibroblast___Cytoplasm,GAB2_phosphorylated_M2_macrophage__cytoplasm;GAB2
gal_Fibroblast___secreted_components,GAL_GALR2_complex_M1_macrophage__Cytoplasmic_membrane_up,GAL_GALR2_complex_M2_macrophage__cytoplasmic_membrane_up,gal_M1_macrophage___Extracellular_Space,gal_M2_macrophage__extracellular_space,GAL_rna,ICAM1_ITGB2_ITGAL_complex;GAL
GAL_GALR2_complex_M1_macrophage__Cytoplasmic_membrane_up,GAL_GALR2_complex_M2_macrophage__cytoplasmic_membrane_up;GALR2
GAS6_Fibroblast___secreted_components,GAS6_M2_macrophage__extracellular_space,GAS6_MERTK_complex,gas6_mertk_complex,GAS6_TH1___extracellular_space;GAS6
gata3_rna;GATA3
GNA12_GNA13_complex_M1_macrophage___Cytoplasm,GNA12_GNA13_complex_M2_macrophage__cytoplasm,GNA12_GNA13_complex_TH1___cytoplasm;GNA12
GNA12_GNA13_complex_M1_macrophage___Cytoplasm,GNA12_GNA13_complex_M2_macrophage__cytoplasm,GNA12_GNA13_complex_TH1___cytoplasm;GNA13
GNAI_GNB_GNG_complex,GNAI_TH1___cytoplasm,GNAI_TH1___cytoplasm_active;GNAI
GNAI3_Fibroblast___Cytoplasm,GNAI3_M1_macrophage___Cytoplasm,GNAI3_M2_macrophage__cytoplasm,GNB_GNG_GNAI3_complex_M1_macrophage___Cytoplasm,GNB_GNG_GNAI3_complex_M2_macrophage__cytoplasm;GNAI3
GNAI_GNB_GNG_complex,GNB_GNG_complex_M1_macrophage___Cytoplasm,GNB_GNG_complex_M2_macrophage__cytoplasm,GNB_GNG_complex_TH1___cytoplasm,GNB_GNG_GNAI3_complex_M1_macrophage___Cytoplasm,GNB_GNG_GNAI3_complex_M2_macrophage__cytoplasm;GNB
GNAI_GNB_GNG_complex,GNB_GNG_complex_M1_macrophage___Cytoplasm,GNB_GNG_complex_M2_macrophage__cytoplasm,GNB_GNG_complex_TH1___cytoplasm,GNB_GNG_GNAI3_complex_M1_macrophage___Cytoplasm,GNB_GNG_GNAI3_complex_M2_macrophage__cytoplasm;GNG
Grb2;GRB22
GRB2_Fibroblast___Cytoplasm,GRB2_TH1___cytoplasm,SHP2_GRB2_complex;GRB2
GSK3B_M2_macrophage_nucleus,GSK3B_Fibroblast___Cytoplasm;GSK3B
GSK3b_APC_AXIN1_CK1A_complex,GSK3b_APC_AXIN1_CTNNB1_CK1A_complex;GSK3b
HBEGF,HBGEF_EGFR_complex,HBGEF_M1_macrophage___Secreted_components,HBGEF_M2_macrophage__secreted_components;HBEGF
HCK;HCK
HES1_rna,hes1_rna;HES1
HEY1_rna;HEY1
HIF1_complex;HIF1
Hif1a;HIF1A
Hif1b;HIF1B
HLA_B,HLA_B_LILRB1_complex_M1_macrophage__Cytoplasmic_membrane_up;HLA-B
HLA_B_LILRB1_complex_M2_macrophage__cytoplasmic_membrane_up,HLA_DP_DQ_DR_LAG3_complex,HLA_DP_DQ_DR_M1_macrophage__Cytoplasmic_membrane_down,HLA_DP_DQ_DR_M2_macrophage__cytoplasmic_membrane_down,HLA_DP_DQ_DR_TCR_CD3_complex,HLA_DRB1_rna,PDIA3_HLA_A_B2M_complex;HLA
HMGB1;HMGB1
HRAS_M1_macrophage___Cytoplasm,HRAS_M2_macrophage__cytoplasm;HRAS
HSPA5;HSPA5
ICAM1_Fibroblast__Cytoplasmic_membrane_down,ICAM1_ITGB2_ITGAL_complex,ICAM1_M1_macrophage__Cytoplasmic_membrane_down,ICAM1_TH1___cytoplasmic_membrane_down;ICAM1
icos,icoslg_icos_complex;ICOS
ICOSLG_Fibroblast__Cytoplasmic_membrane_down,icoslg_icos_complex,ICOSLG_M1_macrophage__Cytoplasmic_membrane_down,ICOSLG_M2_macrophage__cytoplasmic_membrane_down;ICOSLG
IFNa_M1_macrophage___Extracellular_Space,IFNa_rna,IFNa1,IFNa1_B1,IFNAR1_IFNAR2_IFNa_complex,IFNa1,IFNa1_B1,IFNA1_B1_IFNAR1_R2_complex;IFNA
IFNAR1_IFNAR2_complex;IFNAR1
IFNAR1_IFNAR2_complex;IFNAR2
IFNAR1_IFNAR2_IFNb_complex,IFNb_M1_macrophage___Extracellular_Space,IFNb1,IFNb1,IFNB1_rna;IFNB
IFNE,IFNE_IFNAR1_IFNAR2_complex;IFNE
IFNg_Fibroblast___Extracellular_Space,IFNG_IFNGR1_IFNGR2_complex,IFNG_IFNGR1_R2_complex,IFNg_M1_macrophage___Extracellular_Space,IFNg_TH1___extracellular_space,IFNGR1_IFNGR2_complex_M1_macrophage__Cytoplasmic_membrane_up,IFNGR1_IFNGR2_complex_TH1___cytoplasmic_membrane_up,IFNGR1_IFNGR2_IFNg_complex;IFNG
IFNGR1_IFNGR2_IFNg_complex;IFNg
IFNG_IFNGR1_IFNGR2_complex,IFNG_IFNGR1_R2_complex,IFNGR1_R2_complex;IFNGR1
IFNG_IFNGR1_IFNGR2_complex,IFNGR1_IFNGR2_complex_M1_macrophage__Cytoplasmic_membrane_up,IFNGR1_IFNGR2_complex_TH1___cytoplasmic_membrane_up,IFNGR1_IFNGR2_IFNg_complex;IFNGR2
IGF1,IGF1_IGF1R_complex;IGF1
IGF1_IGF1R_complex;IGF1R
CD32b_igG_complex,igG;IGG
IKBA_NFKB1_RELA_complex;IKBA
IKBKB_phosphorylated;IKBKB
TBK1_IKBKE_complex;IKBKE
IKK1_IKK2_complex_Fibroblast___Cytoplasm,IKK1_IKK2_complex_M1_macrophage___Cytoplasm,IKK1_IKK2_complex_M2_macrophage__cytoplasm,IKK1_phosphorylated_Fibroblast___Cytoplasm,IKK1_phosphorylated_M1_macrophage___Cytoplasm,IKK1_phosphorylated_M2_macrophage__cytoplasm;IKK1
IKK1_IKK2_complex_Fibroblast___Cytoplasm,IKK1_IKK2_complex_M1_macrophage___Cytoplasm,IKK1_IKK2_complex_M2_macrophage__cytoplasm,IKK2_phosphorylated_Fibroblast___Cytoplasm,IKK2_phosphorylated_M1_macrophage___Cytoplasm,IKK2_phosphorylated_M2_macrophage__cytoplasm;IKK2
IKKE_TBK1_complex,IKKE_TBK1_TRAF3_complex;IKKE
IL10_Fibroblast___Extracellular_Space,IL10_M2_macrophage__extracellular_space,IL10_TH1___extracellular_space;IL10
IL10R1_IL10R2_complex,IL10R1_IL10R2_complex,IL10RA_IL10RB_complex_Fibroblast__Cytoplasmic_membrane_up,IL10RA_IL10RB_complex_TH1___cytoplasmic_membrane_up,IL10RA_IL10RB_IL10_complex,IL10_IL10RA_IL10RB_complex,IL10RA_IL10RB_complex_Fibroblast__Cytoplasmic_membrane_up,IL10RA_IL10RB_complex_TH1___cytoplasmic_membrane_up,IL10RA_IL10RB_IL10_complex;IL10R
IL11,IL11_IL11Ra_IL6ST_complex,IL11Ra_IL6ST_IL11_complex;IL11
IL11_IL11Ra_IL6ST_complex,IL11Ra_IL6ST_IL11_complex;IL11R
IL12_M1_macrophage___Extracellular_Space,IL12_TH1___extracellular_space,IL12A,IL12B,IL12RB_IL12_complex,IL12A,IL12B;IL12
IL12RB_complex,IL12RB_IL12_complex,IL23R_IL12RB1_complex_M1_macrophage__Cytoplasmic_membrane_up,IL23R_IL12RB1_complex_M2_macrophage__cytoplasmic_membrane_up,IL23R_IL12RB1_IL23_complex_M1_macrophage__Cytoplasmic_membrane_up,IL23R_IL12RB1_IL23_complex_M2_macrophage__cytoplasmic_membrane_up,IL12Rb1_IL12Rb2_complex,IL12Rb1_IL12Rb2_IL12_complex,IL23R_IL12RB1_complex_M1_macrophage__Cytoplasmic_membrane_up,IL23R_IL12RB1_complex_M2_macrophage__cytoplasmic_membrane_up,IL23R_IL12RB1_IL23_complex_M1_macrophage__Cytoplasmic_membrane_up,IL23R_IL12RB1_IL23_complex_M2_macrophage__cytoplasmic_membrane_up,IL12Rb1_IL12Rb2_complex,IL12Rb1_IL12Rb2_IL12_complex;IL12RB
IL15_M1_macrophage___Secreted_components,IL15_M2_macrophage__secreted_components;IL15
IL17A_Fibroblast___Extracellular_Space,IL17A_Fibroblast___secreted_components,IL17A_IL17RA_complex;IL17A
IL17F,IL17Ra_IL17Rc_IL17F_complex;IL17F
IL17A_IL17RA_complex;IL17RA
IL17Ra_IL17Rc_IL17F_complex;IL17RC
IL18_Fibroblast___Extracellular_Space,IL18_IL18R_complex,IL18_IL18R1_complex,IL18_IL18R1_IL18RAP_complex,IL18_M1_macrophage___Extracellular_Space,IL18_TH1___extracellular_space;IL18
IL18_IL18R_complex,IL18_IL18R1_complex,IL18_IL18R1_IL18RAP_complex,IL18R1_IL18RAP_complex,IL18_IL18R1_complex,IL18_IL18R1_IL18RAP_complex,IL18R1_IL18RAP_complex;IL18R
IL18_IL18R1_IL18RAP_complex,IL18R1_IL18RAP_complex;IL18RAP
IL1A,IL1A_IL1R1_complex;IL1A
IL1B_Fibroblast___Extracellular_Space,IL1B_IL1R1_complex,IL1B_M1_macrophage___Extracellular_Space;IL1B
IL1_IL1R_complex,IL1A_IL1R1_complex,IL1B_IL1R1_complex,IL1R1,IL1A_IL1R1_complex,IL1B_IL1R1_complex,IL1R1;IL1R1
IL1RN_rna;IL1RN
IL2;IL2
IL23_M1_macrophage___Extracellular_Space,IL23_M2_macrophage__extracellular_space,IL23R_IL12RB1_IL23_complex_M1_macrophage__Cytoplasmic_membrane_up,IL23R_IL12RB1_IL23_complex_M2_macrophage__cytoplasmic_membrane_up;IL23
IL23R_IL12RB1_complex_M1_macrophage__Cytoplasmic_membrane_up,IL23R_IL12RB1_complex_M2_macrophage__cytoplasmic_membrane_up,IL23R_IL12RB1_IL23_complex_M1_macrophage__Cytoplasmic_membrane_up,IL23R_IL12RB1_IL23_complex_M2_macrophage__cytoplasmic_membrane_up;IL23R
IL26;IL26
IL27;IL27
IL27_IL27RA_complex;IL27RA
IL7R_IL2RG_complex,IL9R_IL2RG_IL9_complex;IL2RG
IL32_rna;IL32
IL33_rna;IL33
CSFR1R_IL34_complex,IL34_M2_macrophage__extracellular_space;IL34
IL4,IL4_IL4Ra_complex,IL4_rna;IL4
IL4_IL4Ra_complex,IL4R,IL4_IL4Ra_complex;IL4R
IL6_Fibroblast___Extracellular_Space,IL6_IL6R_complex,IL6_IL6R_IL6ST_complex,IL6_IL6ST_complex,IL6_M1_macrophage___Extracellular_Space;IL6
IL6_IL6R_complex,IL6_IL6R_IL6ST_complex;IL6R
IL11_IL11Ra_IL6ST_complex,IL11Ra_IL6ST_IL11_complex,IL6_IL6R_IL6ST_complex,IL6_IL6ST_complex,LIFR_IL6ST_CTF1_complex;IL6ST
IL7_IL7R_IL2RG_complex,IL7_TH1___extracellular_space;IL7
IL7_IL7R_IL2RG_complex,IL7R_IL2RG_complex;IL7R
CXCR1_IL8_complex_M1_macrophage__Cytoplasmic_membrane_up,CXCR1_IL8_complex_M2_macrophage__cytoplasmic_membrane_up,IL8_M1_macrophage___Extracellular_Space,IL8_M2_macrophage__extracellular_space;IL8
IL9R_IL2RG_IL9_complex;IL9
IL9R_IL2RG_IL9_complex;IL9R
ACVR2A_ACVR2B_INHBA_complex,INHBA;INHBA
ACVR2A_ACVR2B_INHBB_complex,INHBB_M1_macrophage___Extracellular_Space;INHBB
INPP5A;INPP5A
IRAK1_Fibroblast___Cytoplasm,IRAK1_Fibroblast___Cytoplasm_active,IRAK1_IRAK4_complex,IRAK1_IRAK4_complex_M1_macrophage___Cytoplasm,IRAK1_IRAK4_complex_TH1___cytoplasm,IRAK1_M1_macrophage___Cytoplasm,TRAF6_IRAK1_IRAK4_complex;IRAK1
IRAK3;IRAK3
IRAK1_IRAK4_complex,IRAK1_IRAK4_complex_M1_macrophage___Cytoplasm,IRAK1_IRAK4_complex_TH1___cytoplasm,IRAK4_Fibroblast___Cytoplasm,IRAK4_Fibroblast___Cytoplasm_active,IRAK4_phosphorylated,TRAF6_IRAK1_IRAK4_complex;IRAK4
IRF1_Fibroblast___Cytoplasm,IRF1_Fibroblast___nucleus;IRF1
IRF3_phosphorylated_Fibroblast___nucleus,IRF3_phosphorylated_M1_macrophage___nucleus;IRF3
IRF5_Fibroblast___Cytoplasm,IRF5_Fibroblast___nucleus,IRF5_ubiquitinated;IRF5
IRF7_M1_macrophage___nucleus,IRF7_M2_macrophage_nucleus,IRF7_TH1___cytoplasm,IRF7_TH1___cytoplasm_active;IRF7
IRF9_Fibroblast___Cytoplasm,IRF9_M1_macrophage___Cytoplasm,STAT1_STAT2_IRF9_complex;IRF9
ISGF3_complex;ISGF3
ITCH_phosphorylated_M1_macrophage___Cytoplasm,ITCH_phosphorylated_M2_macrophage__cytoplasm;ITCH
CD40LG_ITGB1_ITGA1_complex_M1_macrophage__Cytoplasmic_membrane_up,CD40LG_ITGB1_ITGA1_complex_M2_macrophage__cytoplasmic_membrane_up,ITGB1_ITGA1_col4a_complex_M1_macrophage__Cytoplasmic_membrane_up,ITGB1_ITGA1_col4a_complex_M2_macrophage__cytoplasmic_membrane_up,ITGB1_ITGA1_complex_M1_macrophage__Cytoplasmic_membrane_up,ITGB1_ITGA1_complex_M2_macrophage__cytoplasmic_membrane_up;ITGA1
COL4A3_ITGA4_ITGB7_complex,ITGA4_ITGB1_col4a3_complex,ITGA4_ITGB1_complex,ITGA4_ITGB1_sema7a_complex,ITGA4_ITGB7_complex,VCAM1_ITGA4_ITGB7_complex;ITGA4
ITGA5_ITGB1_col4a5_complex,ITGA5_ITGB1_complex;ITGA5
ICAM1_ITGB2_ITGAL_complex,ITGAL_ITGB2_complex;ITGAL
CD40LG_ITGAM_ITGB2_complex,ITGAM_ITGB2_complex;ITGAM
FN1_ITGAV_complex;ITGAV
CD40LG_ITGB1_ITGA1_complex_M1_macrophage__Cytoplasmic_membrane_up,CD40LG_ITGB1_ITGA1_complex_M2_macrophage__cytoplasmic_membrane_up,ITGA4_ITGB1_col4a3_complex,ITGA4_ITGB1_complex,ITGA4_ITGB1_sema7a_complex,ITGA5_ITGB1_col4a5_complex,ITGA5_ITGB1_complex,ITGB1_ITGA1_col4a_complex_M1_macrophage__Cytoplasmic_membrane_up,ITGB1_ITGA1_col4a_complex_M2_macrophage__cytoplasmic_membrane_up,ITGB1_ITGA1_complex_M1_macrophage__Cytoplasmic_membrane_up,ITGB1_ITGA1_complex_M2_macrophage__cytoplasmic_membrane_up;ITGB1
CD40LG_ITGAM_ITGB2_complex,ICAM1_ITGB2_ITGAL_complex,ITGAL_ITGB2_complex,ITGAM_ITGB2_complex;ITGB2
COL4A3_ITGA4_ITGB7_complex,ITGA4_ITGB7_complex,VCAM1_ITGA4_ITGB7_complex;ITGB7
jag1,JAG1_M1_macrophage__Cytoplasmic_membrane_down,JAG1_M2_macrophage__cytoplasmic_membrane_down,JAG1_NOTCH1_complex,JAG1_NOTCH3_complex,JAG1_rna,notch1_JAG1_complex;JAG1
JAK1_Fibroblast___Cytoplasm,JAK1_JAK2_complex_M1_macrophage___Cytoplasm,JAK1_JAK2_complex_TH1___cytoplasm,JAK1_JAK2_TYK2_complex,JAK1_JAK3_complex,JAK1_M1_macrophage___Cytoplasm,JAK1_M2_macrophage__cytoplasm,JAK1_TYK2_complex_M1_macrophage___Cytoplasm,JAK1_TYK2_complex_M2_macrophage__cytoplasm,JAK1_TYK2_complex_TH1___cytoplasm,TYK2;JAK1
JAK1_JAK2_complex_M1_macrophage___Cytoplasm,JAK1_JAK2_complex_TH1___cytoplasm,JAK1_JAK2_TYK2_complex,JAK2_Fibroblast___Cytoplasm,JAK2_M1_macrophage___Cytoplasm,JAK2_M2_macrophage__cytoplasm,JAK2_TYK2_complex_M1_macrophage___Cytoplasm,JAK2_TYK2_complex_TH1___cytoplasm,TYK2;JAK2
JAK1_JAK3_complex,JAK3,TYK2;JAK3
JNK1_phosphorylated_M1_macrophage___Cytoplasm,JNK1_phosphorylated_M1_macrophage___nucleus,JNK1_phosphorylated_M2_macrophage_nucleus;JNK1
c_JUN,c_JUN_phosphorylated_M1_macrophage___Cytoplasm,c_JUN_phosphorylated_M1_macrophage___nucleus,JUN_phosphorylated;JUN
JUNB;JUNB
p38_MAP_KINASE_phosphorylated_M1_macrophage___Cytoplasm,p38_MAP_KINASE_phosphorylated_M1_macrophage___nucleus,p38_MAP_KINASE_phosphorylated_M2_macrophage__cytoplasm,p38_MAP_KINASE_phosphorylated_M1_macrophage___Cytoplasm,p38_MAP_KINASE_phosphorylated_M1_macrophage___nucleus,p38_MAP_KINASE_phosphorylated_M2_macrophage__cytoplasm,p38MAPK_empty,p38MAPK_phosphorylated,p38MAPK_empty,p38MAPK_phosphorylated;MAPK14
klf4;KLF4
KRAS;KRAS
HLA_DP_DQ_DR_LAG3_complex,LAG3;LAG3
LAT_phosphorylated;LAT
LBP_CD14_complex;LBP
LCK_phosphorylated;LCK
CTNNB1_TCF_LEF_complex,TCF_LEF_Fibroblast___nucleus,TCF_LEF_M2_macrophage_nucleus;LEF
LGALS9_Fibroblast___secreted_components,LGALS9_M1_macrophage___Secreted_components,LGALS9_TH1___extracellular_space,LGALS9_TIM3_complex;LGALS9
LIFR_IL6ST_CTF1_complex;LIFR
HLA_B_LILRB1_complex_M1_macrophage__Cytoplasmic_membrane_up,HLA_B_LILRB1_complex_M2_macrophage__cytoplasmic_membrane_up;LILRB1
FZD1_LRP5_complex,FZD5_LRP5_wnt5a_complex,WNT5B_FZD1_LRP5_complex;LRP5
LTA_TH1___extracellular_space,LTA_TNFRSF14_complex;LTA
LTBP1;LTBP1
LY96,LY96_TLR2_4_complex;LY96
lyn;LYN
maf_rna;MAF
MAML1,NICD_CSL_SKIP_MAML1_ep300_complex,NICD_EP300_SKIP_CSL_MAML1_complex;MAML1
MAP2K1_phosphorylated_Fibroblast___Cytoplasm,MAP2K1_phosphorylated_TH1___cytoplasm,MEK1_phosphorylated_M1_macrophage___Cytoplasm,MEK1_phosphorylated_M2_macrophage__cytoplasm;MAP2K1
MAP2K3_phosphorylated,MKK3_phosphorylated_M1_macrophage___Cytoplasm,MKK3_phosphorylated_M2_macrophage__cytoplasm;MAP2K3
MAP2K4_phosphorylated,MKK4_phosphorylated_M1_macrophage___Cytoplasm,MKK4_phosphorylated_M2_macrophage__cytoplasm;MAP2K4
MAP2K6_phosphorylated,MKK6_phosphorylated_M1_macrophage___Cytoplasm,MKK6_phosphorylated_M2_macrophage__cytoplasm;MAP2K6
MAP2K7_phosphorylated,MKK7_phosphorylated_M1_macrophage___Cytoplasm,MKK7_phosphorylated_M2_macrophage__cytoplasm;MAP2K7
MAP3K1_phosphorylated,MAP3K14_phosphorylated,MEKK1_M1_macrophage___Cytoplasm,MEKK1_M2_macrophage__cytoplasm,TRAF6_ECSIT_MEKK1_TAB1_TAB2_TAK1_complex;MAP3K1
MAP3K14_phosphorylated,NIK_M1_macrophage___Cytoplasm,NIK_TH1___cytoplasm;MAP3K14
MAP3K2_3_4;MAP3K2
map3k5,MAP3K5_phosphorylated;MAP3K5
MAP3K7_phosphorylated,MAP3K7_rna;MAP3K7
MAP3K8_phosphorylated,NFKB1_MAP3K8_complex;MAP3K8
MAP4K4_phosphorylated;MAP4K4
MAPK1_empty,MAPK1_phosphorylated_Fibroblast___Cytoplasm,MAPK1_phosphorylated_TH1___cytoplasm;MAPK1
MAPK3_complex,MAPK3_phosphorylated;MAPK3
MAPK8,MAPK8_phosphorylated;MAPK8
MAPK9_phosphorylated;MAPK9
MAPKAPK2_phosphorylated,MK2_phosphorylated_M1_macrophage___nucleus,MK2_phosphorylated_M2_macrophage_nucleus;MAPKAPK2
MCL1,mcl1,Mcl1_rna_M1_macrophage___nucleus,Mcl1_rna_M2_macrophage_nucleus;MCL1
TLR4_Md2_CD14_fibrinogen_complex;MD2
MDM2,MDM2_phosphorylated_Fibroblast___Cytoplasm,MDM2_phosphorylated_M1_macrophage___Cytoplasm,MDM2_phosphorylated_M2_macrophage__cytoplasm;MDM2
MEK2_phosphorylated_M1_macrophage___Cytoplasm,MEK2_phosphorylated_M2_macrophage__cytoplasm;MAP2K2
GAS6_MERTK_complex,gas6_mertk_complex;MERTK
PLXNB1_MET_complex,PLXNB1_MET_sema4a_complex,PLXNB2_MET_complex,SEMA4_PLXNB2_MET_complex;MET
MIF_CD74_complex,MIF_CXCR4_complex,MIF_Fibroblast___Extracellular_Space,MIF_TH1___extracellular_space;MIF
MIR10a_rna;MIR10A
MIR124A_rna;MIR124A
MIR146A_rna;MIR146A
MIR155_rna;MIR155
MIR192_rna;MIR192
MIR203A_rna;MIR203A
MIR221_rna;MIR221
MIR338_5P_rna;MIR338
MIR346_rna;MIR346
MIR34A_rna;MIR34A
MIR451A_rna;MIR451A
MIR650_rna;MIR650
MMP1;MMP1
MMP13;MMP13
MMP14_M1_macrophage___Secreted_components,MMP14_M2_macrophage__secreted_components;MMP14
MMP3_Fibroblast___secreted_components,MMP3_M1_macrophage___Secreted_components,MMP3_M2_macrophage__secreted_components;MMP3
MMP9_Fibroblast___secreted_components,MMP9_M1_macrophage___Secreted_components,MMP9_M2_macrophage__secreted_components;MMP9
MSK1_phosphorylated;MSK1
mtor;MTOR
MYD88_Fibroblast___Cytoplasm,MYD88_M1_macrophage___Cytoplasm,MYD88_TH1___cytoplasm,MYD88_TIRAP_TOLLIP_complex,TIRAP_MYD88_complex;MYD88
NCID_Fibroblast___nucleus,NCID_M1_macrophage___Cytoplasm,ncid_rbpj_snw1_complex;NCID
NECTIN3_PTPRC_NECTIN1_complex;NECTIN1
NECTIN3_PTPRC_NECTIN1_complex;NECTIN3
NFAT;NFAT
NFAT5,NFAT5_phosphorylated_Fibroblast___nucleus,NFAT5_phosphorylated_M2_macrophage_nucleus;NFAT5
IKBA_NFKB1_RELA_complex,NFKB1_Fibroblast___Cytoplasm,NFKB1_M1_macrophage___Cytoplasm,NFKB1_M2_macrophage__cytoplasm,NFKB1_MAP3K8_complex,NFKB1_RELA_complex,NFKB1_RELA_NFKBIA_complex,NFKB1_TPL2_complex_M1_macrophage___Cytoplasm,NFKB1_TPL2_complex_M2_macrophage__cytoplasm,NFKBIA_RELA_NFKB1_complex_M1_macrophage___Cytoplasm,NFKBIA_RELA_NFKB1_complex_M2_macrophage__cytoplasm,RELA_NFKB1_complex_M1_macrophage___Cytoplasm,RELA_NFKB1_complex_M1_macrophage___nucleus,RELA_NFKB1_complex_M2_macrophage__cytoplasm,RELA_NFKB1_complex_M2_macrophage_nucleus,RELA_NFKB1_NFKBIE_complex_Fibroblast___Cytoplasm,RELA_NFKB1_NFKBIE_complex_M1_macrophage___Cytoplasm,RELA_NFKB1_NFKBIE_complex_M2_macrophage__cytoplasm;NFKB1
NFKB2_RELB_complex;NFKB2
NFKBIA_phosphorylated_Fibroblast___Cytoplasm,NFKBIA_phosphorylated_M1_macrophage___Cytoplasm,NFKBIA_phosphorylated_M2_macrophage__cytoplasm,NFKBIA_phosphorylated_TH1___cytoplasm,NFKBIA_rna;NFKBIA
NFKBIE_Fibroblast___Cytoplasm,NFKBIE_M1_macrophage___Cytoplasm,NFKBIE_M2_macrophage__cytoplasm;NFKBIE
ngef;NGEF
NICD_CSL_SKIP_MAML1_ep300_complex,NICD_EP300_SKIP_CSL_MAML1_complex,NICD_M1_macrophage___nucleus,NICD_TH1___nucleus;NICD
NLK_phosphorylated;NLK
NLRP3_INFLAMMASOME_complex_M1_macrophage___Cytoplasm,NLRP3_INFLAMMASOME_complex_M2_macrophage__cytoplasm,NLRP3_M1_macrophage___Cytoplasm,NLRP3_M2_macrophage__cytoplasm;NLRP3
NOD2;NOD2
NOS2,NOS2_phosphorylated;NOS2
JAG1_NOTCH1_complex,NOTCH1,notch1_JAG1_complex;NOTCH1
JAG1_NOTCH3_complex,notch3;NOTCH3
NRAS;NRAS
RXRa_NUR77_complex_M1_macrophage___Cytoplasm,RXRa_NUR77_complex_M2_macrophage__cytoplasm;NUR77
OPN_M1_macrophage___Cytoplasm,OPN_M2_macrophage__cytoplasm;OPN
p15_rna_M1_macrophage___nucleus,p15_rna_M2_macrophage_nucleus;P15
p21_rna;P21
NICD_CSL_SKIP_MAML1_ep300_complex,p300_SP1_complex_M1_macrophage___nucleus,p300_SP1_complex_M2_macrophage_nucleus;P300
p53,p53_phosphorylated_M1_macrophage___Cytoplasm,p53_phosphorylated_M2_macrophage__cytoplasm,p53_phosphorylated_M2_macrophage_nucleus,TP53_phosphorylated;TP53
PDCD1;PDCD1
PDE4B;PDE4B
PDGFC_Fibroblast___Extracellular_Space,PDGFC_M2_macrophage__secreted_components,PDGFC_PDGFRB_complex;PDGFC
PDGFC_PDGFRB_complex;PDGFRB
PDIA3_HLA_A_B2M_complex;PDIA3
PI3K_M1_macrophage___Cytoplasm,PI3K_M2_macrophage__cytoplasm,PI3K_phosphorylated,PI3K_M1_macrophage___Cytoplasm,PI3K_M2_macrophage__cytoplasm,PI3K_phosphorylated;PI3K
PIK3AP1_phosphorylated_M1_macrophage___Cytoplasm,PIK3AP1_phosphorylated_M2_macrophage__cytoplasm;PIK3AP1
PIK3R5_phosphorylated;PIK3R5
PITPNM3_CCL18_complex;PITPNM3
PLA2G2A_phosphorylated;PLA2G2A
PLCG1;PLCG1
PLCG2;PLCG2
PLXNA1,PLXNA1_sema3A_complex;PLXNA1
PLXNB1,PLXNB1_MET_complex,PLXNB1_MET_sema4a_complex,SEMA4_PLXNB1_complex;PLXNB1
PLXNB2_MET_complex,SEMA4_PLXNB2_MET_complex;PLXNB2
PMAIP1_Fibroblast___Cytoplasm,PMAIP1_Fibroblast___Cytoplasm_active;PMAIP1
POU2F1;POU2F1
PP2A;PP2A
PP4;PP4
PPARg_rna;PPARG
PRKACA;PRKACA
PRKCD,Prkcd_M1_macrophage___Cytoplasm,Prkcd_M2_macrophage__cytoplasm;PRKCD
PRKCQ_Fibroblast___Cytoplasm,PRKCQ_M1_macrophage___Cytoplasm,PRKCQ_M2_macrophage__cytoplasm,PRKCQ_TH1___cytoplasm;PRKCQ
PRKG1_Fibroblast___Cytoplasm,PRKG1_M1_macrophage___Cytoplasm,PRKG1_M2_macrophage__cytoplasm;PRKG1
PRL_M2_macrophage__extracellular_space,PRL_PRLR_complex;PRL
PRL_PRLR_complex;PRLR
PTEN;PTEN
PTGS2_rna;PTGS2
PTK2_M1_macrophage___Cytoplasm,PTK2_M2_macrophage__cytoplasm,PTK2_TH1___cytoplasm,PTK2B_phosphorylated;PTK2
PTK2B_phosphorylated;PTK2B
PTPN11_phosphorylated,SHP2_GRB2_complex;PTPN11
PTPN6_Fibroblast___Cytoplasm,PTPN6_M1_macrophage___Cytoplasm,PTPN6_M2_macrophage__cytoplasm;PTPN6
NECTIN3_PTPRC_NECTIN1_complex;PTPRC
pyk2_phosphorylated;PYK2
RAB5A;RAB5A
RAC1_2,Rac1_M1_macrophage___Cytoplasm,Rac1_M2_macrophage__cytoplasm,Rac1_TH1___cytoplasm;RAC1
RAF1_Fibroblast___Cytoplasm,RAF1_M1_macrophage___Cytoplasm,RAF1_M2_macrophage__cytoplasm,RAF1_TH1___cytoplasm;RAF1
RANK_RANKL_complex,RANK_RANKL_complex,TNFSF11_Fibroblast___Extracellular_Space,TNFSF11_M1_macrophage___Extracellular_Space,TNFSF11_TNFRSF11_complex;TNFSF11
rasa1;RASA1
RBL1_E2F4_DP1_complex;RBL1
ncid_rbpj_snw1_complex,rbpj;RBPJ
RDX;RDX
IKBA_NFKB1_RELA_complex,NFKB1_RELA_complex,NFKB1_RELA_NFKBIA_complex,NFKBIA_RELA_NFKB1_complex_M1_macrophage___Cytoplasm,NFKBIA_RELA_NFKB1_complex_M2_macrophage__cytoplasm,RELA_NFKB1_complex_M1_macrophage___Cytoplasm,RELA_NFKB1_complex_M1_macrophage___nucleus,RELA_NFKB1_complex_M2_macrophage__cytoplasm,RELA_NFKB1_complex_M2_macrophage_nucleus,RELA_NFKB1_NFKBIE_complex_Fibroblast___Cytoplasm,RELA_NFKB1_NFKBIE_complex_M1_macrophage___Cytoplasm,RELA_NFKB1_NFKBIE_complex_M2_macrophage__cytoplasm;RELA
NFKB2_RELB_complex;RELB
RHOA_Fibroblast___Cytoplasm,RHOA_M1_macrophage___Cytoplasm,RHOA_M2_macrophage__cytoplasm,RHOA_TH1___cytoplasm;RHOA
TRADD_TRAF2_RIP1_complex,TRAF2_RIP1_TRADD_TAK1_TAB1_TAB2_complex;RIP1
RIPK1,RIPK1_TRAF6_complex;RIPK1
RIPK3;RIPK3
RPS6KA4;RPS6KA4
RPS6KB1_phosphorylated;RPS6KB1
RUNX1;RUNX1
RUNX3;RUNX3
RXRa_NUR77_complex_M1_macrophage___Cytoplasm,RXRa_NUR77_complex_M2_macrophage__cytoplasm;RXRa
SARA_M1_macrophage___Cytoplasm,SARA_M2_macrophage__cytoplasm,SMAD2_SARA_complex_M1_macrophage___Cytoplasm,SMAD2_SARA_complex_M2_macrophage__cytoplasm;SARA
SARM1;SARM1
PLXNA1_sema3A_complex,sema3A;SEMA3A
SEMA4A_Fibroblast___Extracellular_Space,SEMA4A_M2_macrophage__extracellular_space,SEMA4A_TH1___extracellular_space;SEMA4A
SEMA4D_M2_macrophage__extracellular_space,SEMA4D_TH1___extracellular_space;SEMA4D
ITGA4_ITGB1_sema7a_complex,sema7a_Fibroblast___Extracellular_Space;SEMA7A
SERPINE1_rna;SERPINE1
SH2D1A_Fibroblast___Cytoplasm,SH2D1A_M2_macrophage__cytoplasm,SH2D1A_TH1___cytoplasm;SH2D1A
Shc_phosphorylated,SHC1_phosphorylated;SHC1
SHC2_phosphorylated;SHC2
SHIP1_M2_macrophage__cytoplasm,SHIP1_TH1___cytoplasm;INPP5D
Sirt1_M1_macrophage___nucleus,Sirt1_M2_macrophage__cytoplasm;SIRT1
NICD_CSL_SKIP_MAML1_ep300_complex,NICD_EP300_SKIP_CSL_MAML1_complex,SKIP;SKIP
smad1_phosphorylated,smad4_smad1_complex;SMAD1
SMAD2_phosphorylated_M1_macrophage___Cytoplasm,SMAD2_phosphorylated_M2_macrophage__cytoplasm,SMAD2_SARA_complex_M1_macrophage___Cytoplasm,SMAD2_SARA_complex_M2_macrophage__cytoplasm,SMAD2_SMAD4_complex_M1_macrophage___nucleus,SMAD2_SMAD4_complex_M2_macrophage_nucleus;SMAD2
SMAD2_SMAD4_complex_M1_macrophage___nucleus,SMAD2_SMAD4_complex_M2_macrophage_nucleus,SMAD4_M1_macrophage___Cytoplasm,SMAD4_M2_macrophage__cytoplasm,smad4_smad1_complex;SMAD4
SMAD7_Fibroblast___Cytoplasm,SMAD7_M1_macrophage___Cytoplasm,SMAD7_M2_macrophage__cytoplasm;SMAD7
ncid_rbpj_snw1_complex,snw1;SNW1
SOCS3,SOCS3_rna;SOCS3
SOS1_Fibroblast___Cytoplasm,SOS1_M1_macrophage___Cytoplasm,SOS1_M2_macrophage__cytoplasm,SOS1_TH1___cytoplasm;SOS1
p300_SP1_complex_M1_macrophage___nucleus,p300_SP1_complex_M2_macrophage_nucleus;SP1
Src_M1_macrophage___Cytoplasm,Src_M2_macrophage__cytoplasm,SRC_phosphorylated,Src_TH1___cytoplasm;SRC
sst,sst_sstr_complex,sst_sstr_complex;SSTR
HOMODIMER_space_STAT1,STAT1_Fibroblast___Cytoplasm,STAT1_Fibroblast___nucleus,STAT1_M1_macrophage___Cytoplasm,STAT1_STAT1_complex_M1_macrophage___nucleus,STAT1_STAT1_complex_TH1___nucleus,STAT1_STAT2_complex,STAT1_STAT2_IRF9_complex,STAT1_TH1___cytoplasm;STAT1
STAT1_STAT2_complex,STAT1_STAT2_IRF9_complex,STAT2_Fibroblast___Cytoplasm,STAT2_M1_macrophage___Cytoplasm;STAT2
HOMODIMER_space_STAT3,STAT3_Fibroblast___Cytoplasm,STAT3_Fibroblast___nucleus,STAT3_M1_macrophage___Cytoplasm,STAT3_M2_macrophage__cytoplasm,STAT3_STAT3_complex_M1_macrophage___nucleus,STAT3_STAT3_complex_M2_macrophage_nucleus;STAT3
STAT4_M1_macrophage___Cytoplasm,STAT4_STAT4_complex_M1_macrophage___nucleus,STAT4_STAT4_complex_TH1___nucleus,STAT4_TH1___cytoplasm;STAT4
STAT5_CRKL_complex,STAT5_phosphorylated;STAT5
STAT6,STAT6_STAT6_complex;STAT6
SYK_M1_macrophage___Cytoplasm,SYK_M2_macrophage__cytoplasm,Syk_phosphorylated;SYK
TAB1,TAB1_TAB2_complex,TAB1_TAB2_TAK1_complex,TAB1_TAB2_TRAF6_complex,TRAF2_RIP1_TRADD_TAK1_TAB1_TAB2_complex,TRAF6_ECSIT_MEKK1_TAB1_TAB2_TAK1_complex,TRAF6_TAB1_TAB2_TAK1_complex;TAB1
TAB1_TAB2_complex,TAB1_TAB2_TAK1_complex,TAB1_TAB2_TRAF6_complex,TAB2_phosphorylated,TRAF2_RIP1_TRADD_TAK1_TAB1_TAB2_complex,TRAF6_ECSIT_MEKK1_TAB1_TAB2_TAK1_complex,TRAF6_TAB1_TAB2_TAK1_complex;TAB2
TAB1_TAB2_TAK1_complex,TAK1,TAK1_phosphorylated,TRAF2_RIP1_TRADD_TAK1_TAB1_TAB2_complex,TRAF6_ECSIT_MEKK1_TAB1_TAB2_TAK1_complex,TRAF6_TAB1_TAB2_TAK1_complex;TAK1
IKKE_TBK1_complex,IKKE_TBK1_TRAF3_complex,TBK1,TBK1_IKBKE_complex;TBK1
tbx21,tbx21_phosphorylated;TBX21
CTNNB1_TCF_LEF_complex,TCF_LEF_Fibroblast___nucleus,TCF_LEF_M2_macrophage_nucleus;TCF
HLA_DP_DQ_DR_TCR_CD3_complex,TCR_CD3_complex;TCR
TGFb1,TGFB1_Fibroblast___Extracellular_Space,TGFB1_Fibroblast___Extracellular_Space_active,TGFB1_M2_macrophage__extracellular_space,TGFB1_TGFBR1_complex,TGFBR1_TGFBR2_TGFB1_complex;TGFB1
tgfb3;TGFB3
TGFB1_TGFBR1_complex,TGFBR1_TGFBR2_complex,TGFBR1_TGFBR2_TGFB1_complex;TGFBR1
TGFBR1_TGFBR2_complex,TGFBR1_TGFBR2_TGFB1_complex;TGFBR2
THBS1_rna;THBS1
TICAM1,TICAM1_TICAM2_complex;TICAM1
TICAM1_TICAM2_complex,TICAM2;TICAM2
LGALS9_TIM3_complex;TIM3
MYD88_TIRAP_TOLLIP_complex,TIRAP,TIRAP_MYD88_complex;TIRAP
TLR1_TLR2_biglycan_complex,TLR1_TLR2_complex;TLR1
LY96_TLR2_4_complex,TLR1_TLR2_biglycan_complex,TLR1_TLR2_complex,TLR2_TLR6_biglycan_complex,TLR2_TLR6_complex;TLR2
TLR3_dsRNA_complex;TLR3
TLR4_Md2_CD14_fibrinogen_complex;TLR4
TLR5_Fibroblast__Cytoplasmic_membrane_up,TLR5_M1_macrophage__Cytoplasmic_membrane_up;TLR5
TLR2_TLR6_biglycan_complex,TLR2_TLR6_complex;TLR6
TLR7_TLR8_ssRNA_complex;TLR7
TLR7_TLR8_ssRNA_complex;TLR8
TLR9_DNA_complex;TLR9
TNF_Fibroblast___Extracellular_Space,TNF_M1_macrophage___Extracellular_Space,TNF_TH1___extracellular_space,TNF_TNFRSF1A_B_complex,TNF_TNFRSF1A_complex,TNF_TNFRSF1B_complex,TNFA,TNFA_rna;TNF
TNFA;TNFA
TNFAIP3_rna_M1_macrophage___nucleus,TNFAIP3_rna_M2_macrophage_nucleus;TNFAIP3
TNFRSF10A_rna;TNFRSF10A
TNFRSF10B_rna;TNFRSF10B
TNFSF11_TNFRSF11_complex;TNFRSF11
LTA_TNFRSF14_complex;TNFRSF14
TNF_TNFRSF1A_B_complex,TNF_TNFRSF1A_complex;TNFRSF1A
TNF_TNFRSF1B_complex;TNFRSF1B
TNFSF4_TNFRSF4_complex;TNFRSF4
TNFSF4,TNFSF4_TNFRSF4_complex;TNFSF4
MYD88_TIRAP_TOLLIP_complex;TOLLIP
TP73_phosphorylated;TP73
NFKB1_TPL2_complex_M1_macrophage___Cytoplasm,NFKB1_TPL2_complex_M2_macrophage__cytoplasm,TPL2_M1_macrophage___Cytoplasm,TPL2_M2_macrophage__cytoplasm;TPL2
TRADD_Fibroblast___Cytoplasm,TRADD_M1_macrophage___Cytoplasm,TRADD_TRAF2_RIP1_complex,TRAF2_RIP1_TRADD_TAK1_TAB1_TAB2_complex;TRADD
TRAF1_rna_Fibroblast___nucleus,TRAF1_rna_M1_macrophage___nucleus,TRAF1_rna_M2_macrophage_nucleus,TRAF1_TRAF2_TRAF3_complex;TRAF1
TRADD_TRAF2_RIP1_complex,TRAF1_TRAF2_TRAF3_complex,TRAF2,TRAF2_RIP1_TRADD_TAK1_TAB1_TAB2_complex,TRAF2_TRAF5_complex,TRAF2_TRAF5_TRAF6_complex_TH1___cytoplasm,TRAF2_TRAF5_TRAF6_complex_TH1___cytoplasm_active,TRAF2_TRAF6_complex;TRAF2
IKKE_TBK1_TRAF3_complex,TRAF1_TRAF2_TRAF3_complex,TRAF3_Fibroblast___Cytoplasm,TRAF3_M1_macrophage___Cytoplasm,TRAF3_TH1___cytoplasm,TRAF3_TRAF6_complex;TRAF3
TRAF3IP2_phosphorylated_Fibroblast___Cytoplasm,TRAF3IP2_phosphorylated_M2_macrophage__cytoplasm;TRAF3IP2
TRAF2_TRAF5_complex,TRAF2_TRAF5_TRAF6_complex_TH1___cytoplasm,TRAF2_TRAF5_TRAF6_complex_TH1___cytoplasm_active;TRAF5
RIPK1_TRAF6_complex,TAB1_TAB2_TRAF6_complex,TRAF2_TRAF5_TRAF6_complex_TH1___cytoplasm,TRAF2_TRAF5_TRAF6_complex_TH1___cytoplasm_active,TRAF2_TRAF6_complex,TRAF3_TRAF6_complex,TRAF6_ECSIT_MEKK1_TAB1_TAB2_TAK1_complex,TRAF6_Fibroblast___Cytoplasm,TRAF6_IRAK1_IRAK4_complex,TRAF6_M1_macrophage___Cytoplasm,TRAF6_phosphorylated_Fibroblast___Cytoplasm,TRAF6_phosphorylated_TH1___cytoplasm,TRAF6_TAB1_TAB2_TAK1_complex,TRAF6_ubiquitinated_M1_macrophage___Cytoplasm,TRAF6_ubiquitinated_M2_macrophage__cytoplasm;TRAF6
TRAM1,TRAM1_TRIF_complex;TRAM1
TRAM1_TRIF_complex,TRIF;TRIF
TSC2_phosphorylated;TSC2
TSG6;TSG6
TXK;TXK
JAK1_JAK2_TYK2_complex,JAK1_TYK2_complex_M1_macrophage___Cytoplasm,JAK1_TYK2_complex_M2_macrophage__cytoplasm,JAK1_TYK2_complex_TH1___cytoplasm,JAK2_TYK2_complex_M1_macrophage___Cytoplasm,JAK2_TYK2_complex_TH1___cytoplasm,TYK2;TYK2
UEV1A_UBC13_complex;UBC13
UEV1A_UBC13_complex;UEV1A
VAV1,VAV1_2_3;VAV1
VCAM1_Fibroblast__Cytoplasmic_membrane_down,VCAM1_ITGA4_ITGB7_complex,VCAM1_TH1___cytoplasmic_membrane_down;VCAM1
vcan;VCAN
vegfa,VEGFa_Fibroblast___Extracellular_Space,VEGFA_VEGFR_complex,VegfR1_Vegfa_complex;VEGFA
Vegfb_M2_macrophage__extracellular_space,VegfR1_vegfb_complex;VEGFB
vegfc,Vegfc_M2_macrophage__extracellular_space,vegfc_vegfr3_complex,VegfR2_vegfc_complex;VEGFC
VEGFA_VEGFR_complex,VegfR1,VegfR1_Vegfa_complex,VegfR1_vegfb_complex;VEGFR1
VegfR2_vegfc_complex;VEGFR2
vegfc_vegfr3_complex;VEGFR3
WNT_FRIZZLED_complex,WNT5A,WNT5B,WNT5B__rna,WNT5B_FZD1_LRP5_complex,WNT5B_gene;WNT
FZD5_LRP5_wnt5a_complex,WNT5A;WNT5A
WNT5B,WNT5B__rna,WNT5B_FZD1_LRP5_complex,WNT5B_gene;WNT5B
XIAP_M1_macrophage___Cytoplasm,XIAP_M2_macrophage__cytoplasm;XIAP
YAP1_phosphorylated;YAP1
YWHAQ;YWHAQ
YY1;YY1
ZAP70;ZAP70
ZC3H12A;ZC3H12A
