id_cp_interaction;protein_name_a;protein_name_b;source
CPI-CC0041E1D30;IL12;IL12 receptor;uniprot
CPI-CC0104F2A96;ACVR_1B2A receptor;Activin ligand ab;PMID: 22710174 & rndsystem webpage
CPI-CC045C36F28;ACVR_1A2A receptor;Activin ligand ab;less common binding
CPI-CC051643E98;IL23;IL23 receptor;uniprot
CPI-CC072007F09;ACVR_1B2B receptor;Activin ligand ab;PMID: 22710174 & rndsystem webpage
CPI-CC08A4A83F1;aMb2 complex;fibrinogen;uniprot
CPI-CC0947744F4;ACVR_1C2A receptor;Activin ligand ab;PMID: 22710174 & rndsystem webpage
CPI-CC09863F59B;ACVR_1A2B receptor;Activin ligand ab;less common binding
CPI-CC09BCDA08E;IL27;IL27 receptor;uniprot
CPI-CC0B39F327D;IL17 AF;IL17 receptor AC;uniprot
CPI-CC0B6E6E341;ACVR_1C2B receptor;Activin ligand ab;PMID: 22710174 & rndsystem webpage
CPI-CC0C3ECBD1F;IL35;IL35 receptor;uniprot
CPI-CC0D5F9D20F;a2Bb3 complex;fibrinogen;uniprot
CPI-CC0F3691D07;aXb2 complex;fibrinogen;uniprot
CPI-CS0007697A7;NKG2D II receptor;N2DL1_HUMAN;Induces NK Cell Activation. Reviewed in PMID: 24223577
CPI-CS0023FA839;CD94:NKG2E;HLAE_HUMAN;PMID: 28484462
CPI-CS007ADC2D1;ACVR_1C2A receptor;INHBB_HUMAN;PMID: 22710174 & rndsystem webpage
CPI-CS008C9D6E5;IL1 receptor inhibitor;IL1B_HUMAN;3o4o, PDB
CPI-CS00BF6CD40;IL13 receptor;IL4_HUMAN;3bpn, PDB
CPI-CS0107C51C6;BMPR1B_BMPR2;BMP4_HUMAN;PMID: 22710174
CPI-CS0123BC66C;PlexinA1_complex2;SEM6D_HUMAN;PMID: 22325954
CPI-CS012D15A88;BMR1A_ACR2A;BMP4_HUMAN;PMID: 22710174
CPI-CS01319F57A;BMR1B_AVR2A;BMP8A_HUMAN;PMID: 22710174
CPI-CS0152E177A;Glycoprotein Ib  complex;VWF_HUMAN;1m10, PDB partially . Platets needed for its activation.
CPI-CS0157F2E34;ACVL1_BMPR2;GDF2_HUMAN;PMID: 22710174
CPI-CS017A50010;BMR1A_AVR2B;BMP8A_HUMAN;PMID: 22710174
CPI-CS01A4D7E2F;BMR1B_AVR2A;BMP5_HUMAN;PMID: 22710174
CPI-CS0210859AB;GMCSFR;CSF2_HUMAN;4nkq, PDB
CPI-CS0247DA882;BMR1A_ACR2A;BMP6_HUMAN;PMID: 22710174
CPI-CS027D7A724;BMPR1B_BMPR2;GDF7_HUMAN;PMID: 22710174
CPI-CS027F8BD7E;BMR1B_AVR2B;GDF6_HUMAN;PMID: 22710174
CPI-CS0288D901D;ACVR_1A2B receptor;BMP7_HUMAN;PMID: 22710174
CPI-CS02899BF8B;ACVR_1B2A receptor;INHBB_HUMAN;PMID: 22710174 & rndsystem webpage
CPI-CS028ACED72;BMPR1B_BMPR2;BMP2_HUMAN;PMID: 22710174
CPI-CS02957B1BF;BMR1B_AVR2A;BMP4_HUMAN;PMID: 22710174
CPI-CS02AEFFE28;ACVR_1A2B receptor;BMP6_HUMAN;PMID: 22710174
CPI-CS02C93975C;BMPR1B_BMPR2;BMP5_HUMAN;PMID: 22710174
CPI-CS02E5ABC5D;Glycoprotein Ib  complex;THRB_HUMAN;1hyr, PDB partially
CPI-CS03037FE90;IL3 receptor;IL3_HUMAN;uniprot
CPI-CS0317FAF76;IL26 receptor;IL26_HUMAN;Rutz et al., Nat Rev. 2014
CPI-CS036BF2AC7;BMR1A_AVR2B;GDF5_HUMAN;PMID: 22710174
CPI-CS038376BA2;NKG2D II receptor;N2DL3_HUMAN;Induces NK Cell Activation. Reviewed in PMID: 24223577. 1kcg, PDB partially
CPI-CS0384572FE;ACVR_1B2B receptor;GDF11_HUMAN;PMID: 22710174
CPI-CS03DF8BD36;BMR1B_AVR2B;BMP8A_HUMAN;PMID: 22710174
CPI-CS040AEB4A0;NODAL receptor;NODAL_HUMAN;PMID: 22710174
CPI-CS040DDEBFB;IL37 receptor;IL37_HUMAN;See paper Nold-Petry et al., 2015
CPI-CS045D41398;IL17 receptor AB;IL25_HUMAN;NA IL17E called IL25
CPI-CS046B3C139;ACVR_1A2A receptor;BMP7_HUMAN;PMID: 22710174
CPI-CS046BCFC6F;BMPR1A_BMPR2;BMP5_HUMAN;PMID: 22710174
CPI-CS047EE9E03;BMR1A_ACR2A;BMP5_HUMAN;PMID: 22710174
CPI-CS0484364A2;BMPR1B_BMPR2;BMP8A_HUMAN;PMID: 22710174
CPI-CS048465560;ACVR_1A2B receptor;INHBB_HUMAN;less common binding
CPI-CS04BB8F1EC;IL36 receptor;I36RA_HUMAN;uniprot
CPI-CS04C402DFB;BMR1A_ACR2A;GDF6_HUMAN;PMID: 22710174
CPI-CS04C628758;IL36 receptor;IL1FA_HUMAN;to check
CPI-CS04CBDE052;IL10 receptor;IL10_HUMAN;1j7v, PDB partially
CPI-CS04DD927C9;ACVR_1A2B receptor;INHBA_HUMAN;less common binding
CPI-CS04F158618;IL17 receptor AC;IL17_HUMAN;uniprot
CPI-CS04F78ACD6;ACVR_1B2A receptor;GDF11_HUMAN;PMID: 22710174
CPI-CS0533A30DC;ACVR_1B2A receptor;INHBA_HUMAN;PMID: 22710174 & rndsystem webpage
CPI-CS05426BFFA;IL1 receptor;IL1B_HUMAN;4dep, PDB
CPI-CS0546460D1;BMR1A_AVR2B;GDF6_HUMAN;PMID: 22710174
CPI-CS0553FFC41;IL20 receptor Type I;IL24_HUMAN;uniprot
CPI-CS0558AB6A5;IL17 receptor AC;IL17F_HUMAN;uniprot
CPI-CS055E15573;BMR1B_AVR2B;GDF7_HUMAN;PMID: 22710174
CPI-CS0569B9B91;BMPR1B_BMPR2;BMR1A_HUMAN;3evs,  PDB complex higher affinity
CPI-CS05789C9A0;BMR1A_ACR2A;GDF7_HUMAN;PMID: 22710174
CPI-CS058910188;BMR1B_AVR2B;BMP2_HUMAN;PMID: 22710174
CPI-CS05AB368CE;CD94:NKG2C;HLAE_HUMAN;PMID: 28484462
CPI-CS05EAF93CC;BMPR1A_BMPR2;BMP7_HUMAN;PMID: 22710174
CPI-CS06072FF4E;IL1 receptor;IL1A_HUMAN;uniprot
CPI-CS063AE1C91;IL6 receptor;IL6_HUMAN;1p9m, PDB
CPI-CS0645666B0;IL20 receptor Type I;IL19_HUMAN;uniprot
CPI-CS067298D94;FLT1 complex;VEGFA_HUMAN;uniprot
CPI-CS069E2161D;BMR1B_AVR2A;GDF5_HUMAN;PMID: 22710174
CPI-CS06B657CAB;IL9 receptor;IL9_HUMAN;uniprot
CPI-CS06C0EEFCB;ACVR_1B2B receptor;GDF10_HUMAN;PMID: 22710174
CPI-CS06C6E2321;NKG2D II receptor;MICA_HUMAN;1hyr, PDB partially, Induces NK Cell Activation. Reviewed in PMID: 24223577
CPI-CS06D50EBF8;OSMR;ONCM_HUMAN;uniprot
CPI-CS06E556972;IL15 receptor;IL15_HUMAN;Need expression of IL15RA (Q13261) in other cells. 2z3q, PDB partially
CPI-CS0700FDD27;BMPR1B_BMPR2;GDF5_HUMAN;PMID: 22710174
CPI-CS0715DE78D;CD94:NKG2A;HLAE_HUMAN;PMID: 28484462
CPI-CS073233FCC;ACVR_1A2A receptor;INHBB_HUMAN;less common binding
CPI-CS073D36B1D;FLT1 complex;PLGF_HUMAN;uniprot
CPI-CS075442484;BMR1A_ACR2A;BMP2_HUMAN;PMID: 22710174
CPI-CS07557A266;MIS receptor 1;MIS_HUMAN;PMID: 22710174
CPI-CS076E1A639;BMR1A_AVR2B;BMP6_HUMAN;PMID: 22710174
CPI-CS077F1340A;FLT1 complex;VEGFB_HUMAN;uniprot
CPI-CS07B61574B;LIFR;LIF_HUMAN;1pvh, PDB partially
CPI-CS08109C435;BMPR1B_BMPR2;BMP7_HUMAN;PMID: 22710174
CPI-CS085E95BC1;IL1 receptor inhibitor;IL1RA_HUMAN;low affinity
CPI-CS085EF890A;ACVR_1B2B receptor;INHBB_HUMAN;PMID: 22710174 & rndsystem webpage
CPI-CS0860DA460;ACVR_1A2B receptor;BMP8A_HUMAN;PMID: 22710174
CPI-CS089A36491;BMR1B_AVR2B;GDF5_HUMAN;PMID: 22710174
CPI-CS08A043594;BMR1B_AVR2A;BMP2_HUMAN;PMID: 22710174
CPI-CS08A853007;BMR1B_AVR2B;BMP7_HUMAN;PMID: 22710174
CPI-CS08CC8F9D3;ACVR1_BMPR2;BMP7_HUMAN;PMID: 22710174
CPI-CS08F4E5D70;NKG2D II receptor;RET1L_HUMAN;Induces NK Cell Activation. Reviewed in PMID: 24223577. 4s0u, PDB partially
CPI-CS090FFEDFE;BMPR1A_BMPR2;BMP8A_HUMAN;PMID: 22710174
CPI-CS091BF99D0;ACVR_1A2A receptor;INHBA_HUMAN;less common binding
CPI-CS0921BB754;BMR1B_AVR2A;BMP6_HUMAN;PMID: 22710174
CPI-CS0924060DB;ACVR_1C2A receptor;INHBA_HUMAN;PMID: 22710174 & rndsystem webpage
CPI-CS09831CCFD;IL18 receptor;IL18_HUMAN;3wo3, PDB partially
CPI-CS09CECD20D;BMPR1A_BMPR2;GDF5_HUMAN;PMID: 22710174
CPI-CS09F211C3E;NKG2D II receptor;N2DL4_HUMAN;Induces NK Cell Activation. Reviewed in PMID: 24223577
CPI-CS09F35DDEB;ACVR_1B2A receptor;GDF8_HUMAN;PMID: 22710174
CPI-CS0A269FA16;NKG2D II receptor;N2DL2_HUMAN;Induces NK Cell Activation. Reviewed in PMID: 24223577
CPI-CS0A34112A6;IL2 receptor_I;IL2_HUMAN;3qaz, PDB
CPI-CS0A5400A6A;ACVR_1C2B receptor;INHBB_HUMAN;PMID: 22710174 & rndsystem webpage
CPI-CS0A659AAAD;IL28 receptor;IFNL3_HUMAN;5t5w, PDB
CPI-CS0A66DB1CA;CD8 receptor;LCK_HUMAN;1q69, PDB partially
CPI-CS0A6AB5149;IL36 receptor;IL36B_HUMAN;uniprot
CPI-CS0A71F2AAD;NKG2D II receptor;RET1G_HUMAN;Induces NK Cell Activation. Reviewed in PMID: 24223577
CPI-CS0A8A0A053;IL22 receptor;IL22_HUMAN;3dgc, PDB
CPI-CS0A8F7D89F;BMPR1B_BMPR2;BMP15_HUMAN;PMID: 22710174
CPI-CS0A97B38B6;ACVL1_BMPR2;BMP10_HUMAN;PMID: 22710174
CPI-CS0A9D23000;NKG2D II receptor;MICB_HUMAN;Induces NK Cell Activation. Reviewed in PMID: 24223577
CPI-CS0AA769F5B;PlexinA3_complex1;SEM3A_HUMAN;PMID: 22325954
CPI-CS0AB19226A;PlexinA4_complex1;SEM3A_HUMAN;PMID: 22325954
CPI-CS0AB365861;IL20 receptor Type I;IL20_HUMAN;uniprot
CPI-CS0AB9C7139;IL7 receptor;IL7_HUMAN;3di2, PDB partially
CPI-CS0AC5142FA;IL1 receptor inhibitor;IL1A_HUMAN;low affinity, uniprot
CPI-CS0AED3F8E8;ACVR_1B2B receptor;GDF8_HUMAN;PMID: 22710174
CPI-CS0AEE2FB22;ACVR1_BMPR2;BMP8A_HUMAN;PMID: 22710174
CPI-CS0B0B35928;CNTF-1R;CNTF_HUMAN;uniprot
CPI-CS0B2F2EF5D;ACVR_1B2B receptor;GDF3_HUMAN;PMID: 22710174
CPI-CS0B79F5D68;ACVR_1C2B receptor;INHBA_HUMAN;PMID: 22710174 & rndsystem webpage
CPI-CS0B9A4CA4D;BMPR1A_BMPR2;GDF6_HUMAN;PMID: 22710174
CPI-CS0BA342294;IL17 receptor AE;IL17C_HUMAN;uniprot
CPI-CS0BAF97962;PDGFR complex;PDGFD_HUMAN;uniprot
CPI-CS0BCDC40FC;BMR1A_AVR2B;BMP4_HUMAN;PMID: 22710174
CPI-CS0BDA0D08C;BMR1B_AVR2A;GDF7_HUMAN;PMID: 22710174
CPI-CS0BE59B43E;BMR1A_AVR2B;BMP2_HUMAN;PMID: 22710174
CPI-CS0BEC40E19;BMR1B_AVR2B;BMP5_HUMAN;PMID: 22710174
CPI-CS0C091F24B;BMR1A_ACR2A;BMP8A_HUMAN;PMID: 22710174
CPI-CS0C0D60519;BMR1B_AVR2B;BMP6_HUMAN;PMID: 22710174
CPI-CS0C159B54D;ACVR_1B2B receptor;INHBA_HUMAN;PMID: 22710174 & rndsystem webpage
CPI-CS0C16967C6;ACVR1_BMPR2;BMP6_HUMAN;PMID: 22710174
CPI-CS0C57A3081;PlexinA1_complex1;SEM6D_HUMAN;PMID: 22325954
CPI-CS0C59AF029;IL33 receptor;IL33_HUMAN;uniprot
CPI-CS0C623F17A;BMPR1B_BMPR2;GDF6_HUMAN;PMID: 22710174
CPI-CS0C8F1E01F;ACVR_1B2A receptor;BMP3_HUMAN;PMID: 22710174
CPI-CS0C99F8D96;BMR1A_AVR2B;BMP7_HUMAN;PMID: 22710174
CPI-CS0C9EE65C2;FcRn complex;ALBU_HUMAN;4n0u, PDB & 4k71, PDB
CPI-CS0CA393CC5;BMR1A_AVR2B;BMP5_HUMAN;PMID: 22710174
CPI-CS0CE2A204A;ACVR_1A2A receptor;BMP8A_HUMAN;PMID: 22710174
CPI-CS0CF47221A;IL20 receptor Type II;IL24_HUMAN;uniprot
CPI-CS0CFA0E4C5;BMPR1A_BMPR2;GDF7_HUMAN;PMID: 22710174
CPI-CS0D238C22B;PlexinA2_complex1;SEM3A_HUMAN;PMID: 22325954
CPI-CS0D35E69F6;BMR1A_ACR2A;BMP7_HUMAN;PMID: 22710174
CPI-CS0D48BE017;IL2 receptor_HA;IL2_HUMAN;2b5i, PDB
CPI-CS0D4BB4458;MIS receptor 3;MIS_HUMAN;PMID: 22710174
CPI-CS0D9226707;BMR1B_AVR2A;GDF6_HUMAN;PMID: 22710174
CPI-CS0D9B5AB86;IL36 receptor;IL36G_HUMAN;uniprot
CPI-CS0DAA66443;BMR1A_ACR2A;GDF5_HUMAN;PMID: 22710174
CPI-CS0DDFD82E7;IL11 receptor;IL11_HUMAN;uniprot
CPI-CS0DEBE7B69;IL1 receptor;IL1RA_HUMAN;1ira, PDB partially
CPI-CS0DF85303A;BMR1B_AVR2A;BMP7_HUMAN;PMID: 22710174
CPI-CS0E1BF543E;ACVR1_BMPR2;BMP5_HUMAN;PMID: 22710174
CPI-CS0E4E75E3B;BMPR1A_BMPR2;BMP2_HUMAN;PMID: 22710174
CPI-CS0E5078EDE;BMR1A_AVR2B;GDF7_HUMAN;PMID: 22710174
CPI-CS0E54FF657;BMPR1A_BMPR2;BMP4_HUMAN;PMID: 22710174
CPI-CS0E5D1ECCE;PlexinA1_complex3;SEM3A_HUMAN;PMID: 22325954
CPI-CS0E661878B;LIFR;ONCM_HUMAN;uniprot
CPI-CS0E7C1314F;ACVR_1B2B receptor;GDF1_HUMAN;PMID: 22710174
CPI-CS0E80B08E2;IL21 receptor;IL21_HUMAN;3tgx, PDB partially, uniprot
CPI-CS0E8ADC968;IL20 receptor Type II;IL20_HUMAN;uniprot
CPI-CS0E997FABD;BMR1B_AVR2B;BMP4_HUMAN;PMID: 22710174
CPI-CS0EB5F7B6F;CNTF-1R;CLCF1_HUMAN;uniprot
CPI-CS0EC80CA59;ACVR_1A2A receptor;BMP5_HUMAN;PMID: 22710174
CPI-CS0EE8AEA34;IL13 receptor;IL13_HUMAN;3bpo, PDB
CPI-CS0EF793D6A;BMPR1B_BMPR2;BMP6_HUMAN;PMID: 22710174
CPI-CS0F6472748;IL36 receptor;IL36A_HUMAN;uniprot
CPI-CS0F670E8BC;MIS receptor 2;MIS_HUMAN;PMID: 22710174
CPI-CS0F6CFB979;BMPR1A_BMPR2;BMP6_HUMAN;PMID: 22710174
CPI-CS0FB8775FC;IL5 receptor;IL5_HUMAN;3qt2, PDB partially
CPI-CS0FBBCDD66;IL4 receptor;IL4_HUMAN;3qb7, PDB
CPI-CS0FCC00896;ACVR_1A2B receptor;BMP5_HUMAN;PMID: 22710174
CPI-CS0FFBA02F8;ACVR_1A2A receptor;BMP6_HUMAN;PMID: 22710174
CPI-SC00064A9CE;COKA1_HUMAN;a2b1 complex;uniprot
CPI-SC0014D5A6E;COGA1_HUMAN;a11b1 complex;uniprot
CPI-SC001669E22;GDF11_HUMAN;TGFR_AVR2A;PMID: 22710174
CPI-SC0017F527E;COIA1_HUMAN;a10b1 complex;uniprot
CPI-SC001AFA16D;NRTN_HUMAN;RET receptor 2;uniprot
CPI-SC0035F0B0F;COJA1_HUMAN;a11b1 complex;uniprot
CPI-SC004A436C5;COCA1_HUMAN;a1b1 complex;uniprot
CPI-SC006E22794;CO1A2_HUMAN;a1b1 complex;uniprot
CPI-SC00756BB93;THY1_HUMAN;aVb3 complex;https://www.ncbi.nlm.nih.gov/pubmed/29212879,https://www.ncbi.nlm.nih.gov/pubmed/18346467/,https://www.ncbi.nlm.nih.gov/
CPI-SC0077CEB82;TGFB3_HUMAN;TGFbeta receptor2;uniprot
CPI-SC007890A1C;CADH1_HUMAN;aEb7 complex;uniprot
CPI-SC0082A7233;CO4A4_HUMAN;a11b1 complex;uniprot
CPI-SC008F4294F;CO7A1_HUMAN;a10b1 complex;uniprot
CPI-SC0092846B0;CO5A1_HUMAN;a11b1 complex;uniprot
CPI-SC00A0B0892;CO6A5_HUMAN;a10b1 complex;uniprot
CPI-SC00ACA947E;GDNF_HUMAN;RET receptor 1;uniprot
CPI-SC00BE2EEE3;COKA1_HUMAN;a1b1 complex;uniprot
CPI-SC00C0800EB;CO4A4_HUMAN;a10b1 complex;uniprot
CPI-SC01115AAD1;COAA1_HUMAN;a1b1 complex;uniprot
CPI-SC01195CB48;TENA_HUMAN;a8b1 complex;uniprot
CPI-SC011F01833;CO1A2_HUMAN;a10b1 complex;uniprot
CPI-SC0147A8A42;COQA1_HUMAN;a10b1 complex;uniprot
CPI-SC015980AEB;COEA1_HUMAN;a10b1 complex;uniprot
CPI-SC016235D3A;CO2A1_HUMAN;a1b1 complex;uniprot
CPI-SC017215F7F;GDF11_HUMAN;TGFR_AVR2B;PMID: 22710174
CPI-SC01833C7FC;PA2GA_HUMAN;a4b1 complex;uniprot
CPI-SC019DBDA78;VCAM1_HUMAN;aDb2 complex;uniprot
CPI-SC01AB9BED7;OSTP_HUMAN;a9b1 complex;PMID: 1830891, PMID: 8970045
CPI-SC01C699B73;CO6A6_HUMAN;a10b1 complex;uniprot
CPI-SC01E9FAC20;COGA1_HUMAN;a2b1 complex;uniprot
CPI-SC01EA4FF6B;CO1A1_HUMAN;a2b1 complex;uniprot
CPI-SC01F1F24AA;CO9A3_HUMAN;a2b1 complex;uniprot
CPI-SC01FFC9392;FINC_HUMAN;a2b1 complex;uniprot
CPI-SC0200AC9E3;TSP1_HUMAN;a2Bb3 complex;uniprot
CPI-SC02017BE74;CO4A2_HUMAN;a11b1 complex;uniprot
CPI-SC02131C05A;COCA1_HUMAN;a10b1 complex;uniprot
CPI-SC02392F4AF;CO4A1_HUMAN;a2b1 complex;uniprot
CPI-SC023986FB9;GDF8_HUMAN;TGFR_AVR2A;PMID: 22710174
CPI-SC0247375A7;COHA1_HUMAN;a11b1 complex;uniprot
CPI-SC0247E9ADB;CO9A2_HUMAN;a11b1 complex;uniprot
CPI-SC0273E24EB;ARTN_HUMAN;RET receptor 3;uniprot
CPI-SC02AE206BE;CO6A3_HUMAN;a1b1 complex;uniprot
CPI-SC02B111AB0;CO6A1_HUMAN;a10b1 complex;uniprot
CPI-SC02BFEEC8A;TSP1_HUMAN;a3b1 complex;uniprot
CPI-SC02E74AFA5;MMP2_HUMAN;aVb3 complex;uniprot
CPI-SC02F06FF62;CO8A1_HUMAN;a1b1 complex;uniprot
CPI-SC032246C72;TGFB2_HUMAN;TGFbeta receptor2;uniprot
CPI-SC0329D5397;ICAM3_HUMAN;aLb2 complex;uniprot
CPI-SC033E22B14;PDGFB_HUMAN;PDGFR complex;uniprot
CPI-SC03446A95E;FCER2_HUMAN;aXb2 complex;https://www.ncbi.nlm.nih.gov/pubmed/7621072
CPI-SC035134F18;CO5A1_HUMAN;a2b1 complex;uniprot
CPI-SC035953E6B;CO7A1_HUMAN;a1b1 complex;uniprot
CPI-SC036D78A43;CO2A1_HUMAN;a2b1 complex;uniprot
CPI-SC037C3901A;COLA1_HUMAN;a11b1 complex;uniprot
CPI-SC039D075C6;COFA1_HUMAN;a2b1 complex;uniprot
CPI-SC03ADD2063;COIA1_HUMAN;a11b1 complex;uniprot
CPI-SC03BFF1D95;COFA1_HUMAN;a11b1 complex;uniprot
CPI-SC03C093767;COAA1_HUMAN;a2b1 complex;uniprot
CPI-SC03D71E025;CO7A1_HUMAN;a11b1 complex;uniprot
CPI-SC03DD752AB;CO4A4_HUMAN;a2b1 complex;uniprot
CPI-SC03DD946B2;TGFB2_HUMAN;TGFbeta receptor1;uniprot
CPI-SC04085F9F9;CO6A1_HUMAN;a11b1 complex;uniprot
CPI-SC040B3EFBC;COMA1_HUMAN;a1b1 complex;uniprot
CPI-SC040C26CBD;COLA1_HUMAN;a2b1 complex;uniprot
CPI-SC041215790;COQA1_HUMAN;a11b1 complex;uniprot
CPI-SC041DEF0FB;CO5A1_HUMAN;a10b1 complex;uniprot
CPI-SC044E3F9B6;FGF2_HUMAN;aVb3 complex;uniprot
CPI-SC0458F68A5;CO4A2_HUMAN;a1b1 complex;uniprot
CPI-SC047CEF2DD;CRLF2_HUMAN;TSLPR;DOI  10.1038/ncomms14937
CPI-SC04936738A;COBA1_HUMAN;a10b1 complex;uniprot
CPI-SC04AED00CE;TENA_HUMAN;aVb6 complex;uniprot
CPI-SC04B0064C4;COIA1_HUMAN;a2b1 complex;uniprot
CPI-SC04B354AE3;CO8A2_HUMAN;a2b1 complex;uniprot
CPI-SC04F2478E9;FINC_HUMAN;a3b1 complex;uniprot
CPI-SC04FDBA606;PLMN_HUMAN;a2Bb3 complex;uniprot
CPI-SC0517A327B;CO9A3_HUMAN;a10b1 complex;uniprot
CPI-SC051B1E9C4;COKA1_HUMAN;a11b1 complex;uniprot
CPI-SC0527EEE7A;CO3_HUMAN;aMb2 complex;uniprot
CPI-SC052A417CB;CO4A3_HUMAN;a2b1 complex;uniprot
CPI-SC0530C27A8;VTNC_HUMAN;aVb3 complex;uniprot
CPI-SC053BBE2B1;COGA1_HUMAN;a1b1 complex;uniprot
CPI-SC054484F7B;CO3A1_HUMAN;a2b1 complex;uniprot
CPI-SC0545E2502;CO5A2_HUMAN;a1b1 complex;uniprot
CPI-SC05565E8CE;CO4A6_HUMAN;a10b1 complex;uniprot
CPI-SC056BF6CBB;TENA_HUMAN;a9b1 complex;uniprot
CPI-SC058845C44;CO8A1_HUMAN;a2b1 complex;uniprot
CPI-SC058F72F90;FBN1_HUMAN;a5b1 complex;uniprot
CPI-SC0592EC3D0;L1CAM_HUMAN;a5b1 complex;https://www.ncbi.nlm.nih.gov/pmc/articles/PMC2120661/
CPI-SC05992FDC8;CO5A1_HUMAN;a1b1 complex;uniprot
CPI-SC05A209BEC;FCER2_HUMAN;aVb3 complex;https://www.ncbi.nlm.nih.gov/pubmed/10037797/
CPI-SC05B2AA866;COCA1_HUMAN;a11b1 complex;uniprot
CPI-SC05B6D413B;CO9A1_HUMAN;a1b1 complex;uniprot
CPI-SC05CCF815E;CO1A2_HUMAN;a2b1 complex;uniprot
CPI-SC05CE52A12;CO6A5_HUMAN;a11b1 complex;uniprot
CPI-SC05D87F723;CO6A6_HUMAN;a2b1 complex;uniprot
CPI-SC05D8C0EF5;COSA1_HUMAN;a10b1 complex;uniprot
CPI-SC05F111D21;CORA1_HUMAN;a11b1 complex;uniprot
CPI-SC0606C6896;CO6A5_HUMAN;a2b1 complex;uniprot
CPI-SC060984F83;COEA1_HUMAN;a11b1 complex;uniprot
CPI-SC061137A41;CO4A6_HUMAN;a2b1 complex;uniprot
CPI-SC062C5C6C2;PA2GA_HUMAN;a5b1 complex;uniprot
CPI-SC062D34C2A;VCAM1_HUMAN;a9b1 complex;uniprot
CPI-SC06364D669;FINC_HUMAN;a4b1 complex;uniprot
CPI-SC063BC3DDE;ICAM2_HUMAN;aLb2 complex;uniprot
CPI-SC064937925;IFNA1_HUMAN;Type I IFNR;PMID: 9208871
CPI-SC06525B099;L1CAM_HUMAN;aVb3 complex;"https://www.ncbi.nlm.nih.gov/pmc/articles/PMC2132622/"""
CPI-SC0672FBD31;CO4A1_HUMAN;a1b1 complex;uniprot
CPI-SC067433F6B;CO3A1_HUMAN;a10b1 complex;uniprot
CPI-SC0674C647E;CO4A3_HUMAN;a11b1 complex;uniprot
CPI-SC067AD890A;VTNC_HUMAN;aVb1 complex;uniprot
CPI-SC067EE23E1;CO9A2_HUMAN;a10b1 complex;uniprot
CPI-SC0681D30FE;CO1A2_HUMAN;a11b1 complex;uniprot
CPI-SC06873D10F;COHA1_HUMAN;a2b1 complex;uniprot
CPI-SC069F95780;CO8A2_HUMAN;a1b1 complex;uniprot
CPI-SC069F9E62C;COSA1_HUMAN;a11b1 complex;uniprot
CPI-SC06ACCFA52;COOA1_HUMAN;a11b1 complex;uniprot
CPI-SC06B4C6DD5;COHA1_HUMAN;a10b1 complex;uniprot
CPI-SC06E5E0C83;COBA1_HUMAN;a1b1 complex;uniprot
CPI-SC070D5A96F;JAM2_HUMAN;a4b1 complex;https://www.ncbi.nlm.nih.gov/pubmed/12070135/
CPI-SC07222A428;CO4A2_HUMAN;a2b1 complex;uniprot
CPI-SC0725E3A76;CODA1_HUMAN;a10b1 complex;uniprot
CPI-SC07312BD5C;FCER2_HUMAN;aMb2 complex;https://www.ncbi.nlm.nih.gov/pubmed/7621072,https://www.ncbi.nlm.nih.gov/pmc/articles/PMC2143337/
CPI-SC07375C073;CO6A3_HUMAN;a10b1 complex;uniprot
CPI-SC0755598EE;TSP1_HUMAN;aVb3 complex;uniprot
CPI-SC077B6280E;IFNL2_HUMAN;Type III IFNR;PMID: 9208871
CPI-SC077EB8064;IFN10_HUMAN;Type I IFNR;uniprot
CPI-SC07A2679B1;IFN17_HUMAN;Type I IFNR;uniprot
CPI-SC07B4ED8C9;IFNL1_HUMAN;Type III IFNR;PMID: 9208871
CPI-SC07BE7830D;OSTP_HUMAN;a4b1 complex;PMID: 1830891, PMID: 8970045
CPI-SC07E0348EF;CO6A6_HUMAN;a11b1 complex;uniprot
CPI-SC07E958BDE;CO5A3_HUMAN;a11b1 complex;uniprot
CPI-SC07ECBFCA7;CO1A1_HUMAN;a10b1 complex;uniprot
CPI-SC07FB88720;CO4A3_HUMAN;a1b1 complex;uniprot
CPI-SC08067D831;VTNC_HUMAN;a2Bb3 complex;uniprot
CPI-SC0814068D9;CO6A2_HUMAN;a2b1 complex;uniprot
CPI-SC08226CD3B;CO9A2_HUMAN;a2b1 complex;uniprot
CPI-SC083EDDA21;COSA1_HUMAN;a2b1 complex;uniprot
CPI-SC0847A64D2;FINC_HUMAN;aVb5 complex;uniprot
CPI-SC0859FAC25;IFNE_HUMAN;Type I IFNR;PMID: 9208871
CPI-SC0861656EC;COBA1_HUMAN;a11b1 complex;uniprot
CPI-SC087556B01;CO4A5_HUMAN;a10b1 complex;uniprot
CPI-SC08923F7F7;JAM1_HUMAN;aLb2 complex;(PubMed:11812992, PubMed:15528364)
CPI-SC08938BB1C;COLA1_HUMAN;a10b1 complex;uniprot
CPI-SC08968AFE6;GDF8_HUMAN;TGFR_AVR2B;PMID: 22710174
CPI-SC089D4762F;CO6A5_HUMAN;a1b1 complex;uniprot
CPI-SC08A98E7D4;CO7A1_HUMAN;a2b1 complex;uniprot
CPI-SC08AA91C84;COHA1_HUMAN;a1b1 complex;uniprot
CPI-SC08AF9CA91;CO8A2_HUMAN;a11b1 complex;uniprot
CPI-SC08B1D5269;CO5A3_HUMAN;a10b1 complex;uniprot
CPI-SC08B2AD7C6;FINC_HUMAN;a5b1 complex;uniprot
CPI-SC08B6B74FB;FINC_HUMAN;a2Bb3 complex;uniprot
CPI-SC08BF895FC;CODA1_HUMAN;a1b1 complex;uniprot
CPI-SC08CC68F11;CO8A1_HUMAN;a11b1 complex;uniprot
CPI-SC08D8A859F;CO6A1_HUMAN;a2b1 complex;uniprot
CPI-SC08E75294D;COFA1_HUMAN;a10b1 complex;uniprot
CPI-SC08E97F7CA;VCAM1_HUMAN;a4b7 complex;uniprot
CPI-SC08F797F90;CO9A1_HUMAN;a2b1 complex;uniprot
CPI-SC090068F7B;TSLP_HUMAN;TSLPR;5j11, PDB
CPI-SC090311934;COOA1_HUMAN;a10b1 complex;uniprot
CPI-SC090855C8E;FINC_HUMAN;aVb3 complex;uniprot
CPI-SC090DB3159;COOA1_HUMAN;a1b1 complex;uniprot
CPI-SC091173D82;CO4A4_HUMAN;a1b1 complex;uniprot
CPI-SC091D10DFA;IFNB_HUMAN;Type I IFNR;PMID: 9208871
CPI-SC092659F65;ICAM4_HUMAN;aLb2 complex;uniprot
CPI-SC092C3E4DF;FINC_HUMAN;a8b1 complex;uniprot
CPI-SC09458C6C0;IFNA5_HUMAN;Type I IFNR;uniprot
CPI-SC095A2C115;UPAR_HUMAN;aVb3 complex;https://www.ncbi.nlm.nih.gov/pubmed/11053440,https://www.ncbi.nlm.nih.gov/pubmed/15863511
CPI-SC096929DB0;FINC_HUMAN;aVb1 complex;uniprot
CPI-SC0974B60B7;CD40L_HUMAN;a2Bb3 complex;https://www.ncbi.nlm.nih.gov/pubmed/11875495
CPI-SC0984894BC;TGFB1_HUMAN;TGFbeta receptor2;uniprot
CPI-SC0988E0218;OSTP_HUMAN;aVb3 complex;PMID: 24442579
CPI-SC098B43B5A;MADCA_HUMAN;a4b7 complex;uniprot
CPI-SC098C06330;TGFB1_HUMAN;TGFbeta receptor1;uniprot
CPI-SC09938698A;CSPG4_HUMAN;a3b1 complex;uniprot
CPI-SC09AF1889C;IFNA8_HUMAN;Type I IFNR;uniprot
CPI-SC09C06C70F;COLA1_HUMAN;a1b1 complex;uniprot
CPI-SC09C0B5D08;CO4A5_HUMAN;a2b1 complex;uniprot
CPI-SC09DE07794;COMA1_HUMAN;a2b1 complex;uniprot
CPI-SC09DFB2ACA;COJA1_HUMAN;a10b1 complex;uniprot
CPI-SC09E5431A2;IFNG_HUMAN;Type II IFNR;PMID: 9208871
CPI-SC09FDA4F45;CO6A1_HUMAN;a1b1 complex;uniprot
CPI-SC0A0532ADC;CO4A1_HUMAN;a11b1 complex;uniprot
CPI-SC0A05D3880;THY1_HUMAN;aMb2 complex;https://www.ncbi.nlm.nih.gov/pubmed/15850796
CPI-SC0A199B69E;COAA1_HUMAN;a10b1 complex;uniprot
CPI-SC0A2FE9693;LAMC1_HUMAN;a7b1 complex;uniprot
CPI-SC0A3F146C2;CO4A3_HUMAN;a10b1 complex;uniprot
CPI-SC0A54B5323;CO6A2_HUMAN;a11b1 complex;uniprot
CPI-SC0A58E6695;TENA_HUMAN;aVb3 complex;uniprot
CPI-SC0A68C5F13;IGF1_HUMAN;a6b4 complex;uniprot
CPI-SC0A8902C85;CO3A1_HUMAN;a11b1 complex;uniprot
CPI-SC0A8A78670;IFN21_HUMAN;Type I IFNR;uniprot
CPI-SC0A8E69BC5;COBA2_HUMAN;a1b1 complex;uniprot
CPI-SC0A9458008;ICAM1_HUMAN;aXb2 complex;https://www.ncbi.nlm.nih.gov/pubmed/16252253
CPI-SC0A9EB628A;VCAM1_HUMAN;a4b1 complex;https://www.ncbi.nlm.nih.gov/pmc/articles/PMC4368157/
CPI-SC0AD6D8724;COQA1_HUMAN;a2b1 complex;uniprot
CPI-SC0ADD7BEF0;COJA1_HUMAN;a2b1 complex;uniprot
CPI-SC0AF90F422;IFN14_HUMAN;Type I IFNR;uniprot
CPI-SC0B066E03C;CO4A6_HUMAN;a11b1 complex;uniprot
CPI-SC0B0AFEFF1;IFN16_HUMAN;Type I IFNR;uniprot
CPI-SC0B292AEE6;GP1BA_HUMAN;aMb2 complex;https://www.ncbi.nlm.nih.gov/pmc/articles/PMC2194217/
CPI-SC0B4211EFF;IFNA2_HUMAN;Type I IFNR;3se3, PDB
CPI-SC0B4BD965C;CO9A3_HUMAN;a11b1 complex;uniprot
CPI-SC0B4D7E0FF;FINC_HUMAN;a4b7 complex;uniprot
CPI-SC0B6162857;IFNA7_HUMAN;Type I IFNR;uniprot
CPI-SC0B6D68FD5;ICAM1_HUMAN;aMb2 complex;uniprot
CPI-SC0B6F1A278;CO4A1_HUMAN;a10b1 complex;uniprot
CPI-SC0B808E56A;CO6A6_HUMAN;a1b1 complex;uniprot
CPI-SC0B9199C7F;LAMC1_HUMAN;aVb3 complex;uniprot
CPI-SC0BA1D5E00;COMA1_HUMAN;a10b1 complex;uniprot
CPI-SC0BA41B0D3;COJA1_HUMAN;a1b1 complex;uniprot
CPI-SC0BAB29E69;THRB_HUMAN;a2Bb3 complex;uniprot
CPI-SC0BC542ACC;TENA_HUMAN;a4b1 complex;uniprot
CPI-SC0BC63F8C0;CO3A1_HUMAN;a1b1 complex;uniprot
CPI-SC0BCD683D4;COMA1_HUMAN;a11b1 complex;uniprot
CPI-SC0BD4C290F;COEA1_HUMAN;a1b1 complex;uniprot
CPI-SC0BD56F4CB;PSPN_HUMAN;RET receptor 4;uniprot
CPI-SC0BF16A11C;COKA1_HUMAN;a10b1 complex;uniprot
CPI-SC0C1B5BAA1;IFNA6_HUMAN;Type I IFNR;uniprot
CPI-SC0C3E2D267;FA10_HUMAN;aMb2 complex;uniprot
CPI-SC0C6B54D7A;THY1_HUMAN;aXb2 complex;https://www.ncbi.nlm.nih.gov/pubmed/15850796
CPI-SC0C8B4C056;CD40L_HUMAN;a5b1 complex;https://www.ncbi.nlm.nih.gov/pmc/articles/PMC3365732/
CPI-SC0C907A888;CO8A2_HUMAN;a10b1 complex;uniprot
CPI-SC0C9CBDD21;CORA1_HUMAN;a10b1 complex;uniprot
CPI-SC0CA323AE3;COBA2_HUMAN;a11b1 complex;uniprot
CPI-SC0CA7B34A5;CO5A2_HUMAN;a2b1 complex;uniprot
CPI-SC0CBC30AB7;CO9A1_HUMAN;a11b1 complex;uniprot
CPI-SC0CCF30377;CODA1_HUMAN;a2b1 complex;uniprot
CPI-SC0CE433AB8;CO4A5_HUMAN;a11b1 complex;uniprot
CPI-SC0CE6F5084;CORA1_HUMAN;a2b1 complex;uniprot
CPI-SC0CE851065;CO6A2_HUMAN;a10b1 complex;uniprot
CPI-SC0CF621D48;CO2A1_HUMAN;a11b1 complex;uniprot
CPI-SC0CFF5E19D;FINC_HUMAN;a11b1 complex;uniprot
CPI-SC0D089F0A9;IFNK_HUMAN;Type I IFNR;PMID: 9208871
CPI-SC0D19BAF15;FINC_HUMAN;a10b1 complex;uniprot
CPI-SC0D2BDC009;CODA1_HUMAN;a11b1 complex;uniprot
CPI-SC0D5CFA431;TGFB3_HUMAN;TGFbeta receptor1;uniprot
CPI-SC0D6C777F2;COBA2_HUMAN;a10b1 complex;uniprot
CPI-SC0D7F33CFB;CORA1_HUMAN;a1b1 complex;uniprot
CPI-SC0D870AE49;CO6A3_HUMAN;a2b1 complex;uniprot
CPI-SC0D9B795CC;CADH1_HUMAN;a2b1 complex;https://www.ncbi.nlm.nih.gov/pubmed/12392763
CPI-SC0DA298BEC;CO2A1_HUMAN;a10b1 complex;uniprot
CPI-SC0DA5EFA18;CO4A6_HUMAN;a1b1 complex;uniprot
CPI-SC0DAD29856;CO5A3_HUMAN;a1b1 complex;uniprot
CPI-SC0DF641DAA;CO5A2_HUMAN;a11b1 complex;uniprot
CPI-SC0DF986F22;COAA1_HUMAN;a11b1 complex;uniprot
CPI-SC0E0C50FCA;COEA1_HUMAN;a2b1 complex;uniprot
CPI-SC0E1037D03;VWF_HUMAN;aVb3 complex;uniprot
CPI-SC0E16B866E;IFNW1_HUMAN;Type I IFNR;PMID: 9208871
CPI-SC0E2D0DC4B;FGF1_HUMAN;aVb3 complex;uniprot
CPI-SC0E3784FFB;LAMC1_HUMAN;a2b1 complex;uniprot
CPI-SC0E4E54E13;COBA2_HUMAN;a2b1 complex;uniprot
CPI-SC0E5218AA4;NRG1_HUMAN;a6b4 complex;uniprot
CPI-SC0E60FEE99;TGFB1_HUMAN;aVb6 complex;5ffo, PDB
CPI-SC0E8575642;ICAM3_HUMAN;aDb2 complex;uniprot
CPI-SC0E9C058EB;UPAR_HUMAN;a4b1 complex;https://www.ncbi.nlm.nih.gov/pubmed/11053440
CPI-SC0EA3FC100;COIA1_HUMAN;a1b1 complex;uniprot
CPI-SC0EACF2D60;COQA1_HUMAN;a1b1 complex;uniprot
CPI-SC0EAF80261;SEM7A_HUMAN;a1b1 complex;PMID: 22325954
CPI-SC0EB600CAC;COOA1_HUMAN;a2b1 complex;uniprot
CPI-SC0EB8DC52F;CD47_HUMAN;SIRB1 complex;2jjs, PDB partially
CPI-SC0EB9D030F;ARTN_HUMAN;RET receptor 1;uniprot
CPI-SC0EC380922;THRB_HUMAN;aVb3 complex;uniprot
CPI-SC0EC4B9BBD;IFNA4_HUMAN;Type I IFNR;uniprot
CPI-SC0EC572716;CO4A5_HUMAN;a1b1 complex;uniprot
CPI-SC0ECFACED2;CO6A3_HUMAN;a11b1 complex;uniprot
CPI-SC0ED0520DD;LAMA3_HUMAN;a3b1 complex;uniprot
CPI-SC0EEF3A379;LAMC1_HUMAN;a6b1 complex;uniprot
CPI-SC0EFCE145F;OMD_HUMAN;aVb3 complex;uniprot
CPI-SC0F300DE24;COCA1_HUMAN;a2b1 complex;uniprot
CPI-SC0F486460D;IFNL3_HUMAN;Type III IFNR;PMID: 9208871
CPI-SC0F4AC5AA2;ICAM1_HUMAN;aLb2 complex;uniprot
CPI-SC0F4BC2909;CO6A2_HUMAN;a1b1 complex;uniprot
CPI-SC0F516B854;CO5A2_HUMAN;a10b1 complex;uniprot
CPI-SC0F590482E;CO9A2_HUMAN;a1b1 complex;uniprot
CPI-SC0F73E9099;CO1A1_HUMAN;a1b1 complex;uniprot
CPI-SC0F74C069F;CO9A1_HUMAN;a10b1 complex;uniprot
CPI-SC0F778DC8E;CO9A3_HUMAN;a1b1 complex;uniprot
CPI-SC0F7E26271;CO1A1_HUMAN;a11b1 complex;uniprot
CPI-SC0F8101D41;CO8A1_HUMAN;a10b1 complex;uniprot
CPI-SC0F8D27FBC;COFA1_HUMAN;a1b1 complex;uniprot
CPI-SC0F94B2CF9;COGA1_HUMAN;a10b1 complex;uniprot
CPI-SC0F9DD28F3;JAM3_HUMAN;aMb2 complex;https://www.ncbi.nlm.nih.gov/pubmed/16118203,https://www.ncbi.nlm.nih.gov/pmc/articles/PMC2194005/
CPI-SC0FA79E269;CO4A2_HUMAN;a10b1 complex;uniprot
CPI-SC0FBFA176B;COBA1_HUMAN;a2b1 complex;uniprot
CPI-SC0FC645961;CO5A3_HUMAN;a2b1 complex;uniprot
CPI-SC0FDB4B6D9;GDF9_HUMAN;TGFR_BMPR2;PMID: 22710174
CPI-SC0FF018913;COSA1_HUMAN;a1b1 complex;uniprot
CPI-SS00046DCF3;EPHA4_HUMAN;EFNB1_HUMAN;PMID: 15114347
CPI-SS000568A0E;FCER2_HUMAN;CR2_HUMAN;https://www.ncbi.nlm.nih.gov/pubmed/16785534,https://www.ncbi.nlm.nih.gov/pmc/articles/PMC2212946/
CPI-SS0008137B6;EFNA4_HUMAN;EPHA5_HUMAN;PMID: 15114347
CPI-SS00086659A;TNF6B_HUMAN;TNFL6_HUMAN;uniprot
CPI-SS00150FB64;HLAF_HUMAN;LIRB1_HUMAN;https://www.ncbi.nlm.nih.gov/pubmed/11169396
CPI-SS001BF66E8;CEAM6_HUMAN;CEAM6_HUMAN;https://www.ncbi.nlm.nih.gov/pubmed/11590190
CPI-SS002673EFE;WNT5A_HUMAN;FZD3_HUMAN;PMID: 24032637
CPI-SS003C9A532;NOTC2_HUMAN;DLL3_HUMAN;PMID: 22353464
CPI-SS004A073E1;NTRK1_HUMAN;NTF3_HUMAN;uniprot
CPI-SS004C23DCE;EREG_HUMAN;EGFR_HUMAN;uniprot
CPI-SS00550260E;CADM3_HUMAN;PVRL3_HUMAN;uniprot
CPI-SS00561BBD7;PVR_HUMAN;TIGIT_HUMAN;PMID: 19815499, Induces NK Cell Inhibition. Reviewed in PMID:24987108
CPI-SS00661A3A4;PVRL1_HUMAN;CADM3_HUMAN;uniprot
CPI-SS006C89002;CCR3_HUMAN;CCL15_HUMAN;uniprot
CPI-SS007AA9FDE;DLK1_HUMAN;NOTC3_HUMAN;PMID: 22353464
CPI-SS008EB600F;CCR2_HUMAN;CCL7_HUMAN;PMID: 24218476
CPI-SS008FB916C;FGF2_HUMAN;FGFR4_HUMAN;uniprot
CPI-SS00AEC3818;CCL19_HUMAN;ACKR4_HUMAN;PMID: 24218476
CPI-SS00B1BEE64;CD2_HUMAN;LFA3_HUMAN;Reviewed in PMID: 23602662
CPI-SS00BBA318F;TIE2_HUMAN;ANGP4_HUMAN;uniprot
CPI-SS00D153A8A;NOTC4_HUMAN;DLL4_HUMAN;PMID: 22353464
CPI-SS00F979E99;ICAM3_HUMAN;CLC4M_HUMAN;https://www.ncbi.nlm.nih.gov/pubmed/15795245
CPI-SS0110361CB;TNFB_HUMAN;TNR14_HUMAN;uniprot
CPI-SS0111AAD26;EPHB2_HUMAN;EFNB1_HUMAN;PMID: 15114347
CPI-SS012AFC842;MK_HUMAN;ALK_HUMAN;uniprot
CPI-SS012B7C21D;NOTC1_HUMAN;DLL4_HUMAN;PMID: 22353464
CPI-SS012CCE326;EPHA8_HUMAN;EFNA5_HUMAN;PMID: 15114347
CPI-SS01469637C;WNT2B_HUMAN;FZD4_HUMAN;PMID: 24032637
CPI-SS01560CA22;CD99_HUMAN;PILRA_HUMAN;https://www.ncbi.nlm.nih.gov/pubmed/18234675
CPI-SS015E1E2C6;LYAM3_HUMAN;CD34_HUMAN;https://www.ncbi.nlm.nih.gov/pubmed/18606703
CPI-SS016EE0084;PDCD1_HUMAN;PD1L1_HUMAN;antigen-stimulated T cells become anergic. PMID: 23954143
CPI-SS0178F5C45;TGFB2_HUMAN;TGBR3_HUMAN;uniprot
CPI-SS0179FBFD3;TR10A_HUMAN;TNF10_HUMAN;uniprot
CPI-SS019C98396;TNF14_HUMAN;TNR14_HUMAN;uniprot
CPI-SS01A07768A;MCP_HUMAN;JAG1_HUMAN;https://www.ncbi.nlm.nih.gov/pubmed/23086448
CPI-SS01A6823FA;PLF4_HUMAN;CXCR3_HUMAN;PMID: 24218476
CPI-SS01A8F745A;EPHA1_HUMAN;EFNA3_HUMAN;PMID: 15114347
CPI-SS01C2BA5C8;WNT5A_HUMAN;FZD2_HUMAN;PMID: 24032637
CPI-SS01DCC7684;EFNA2_HUMAN;EPHA7_HUMAN;PMID: 15114347
CPI-SS01E0F2D2C;PVRL1_HUMAN;PVRL4_HUMAN;https://www.ncbi.nlm.nih.gov/pubmed/22902367
CPI-SS01ECFDA18;TR10C_HUMAN;TNF10_HUMAN;uniprot
CPI-SS01F67987A;FGF2_HUMAN;FGFR1_HUMAN;uniprot
CPI-SS02246DA17;CXCR3_HUMAN;CXCL9_HUMAN;PMID: 24218476
CPI-SS0241A1F57;NRP2_HUMAN;SEM3C_HUMAN;uniprot
CPI-SS025C8F785;CLC2B_HUMAN;KLRF1_HUMAN;Induces NK Cell Activation. Reviewed in PMID: 24223577
CPI-SS0273C9AED;VGFR2_HUMAN;VEGFC_HUMAN;uniprot
CPI-SS02770D68F;NOTC2_HUMAN;JAG2_HUMAN;PMID: 22353464
CPI-SS027AFFC0E;NCTR3_HUMAN;BAG6_HUMAN;activating interaction from uniprot
CPI-SS027CDEA08;NOTC2_HUMAN;DLL4_HUMAN;PMID: 22353464
CPI-SS027E12A36;MK_HUMAN;PTPRZ_HUMAN;PMID: 10212223
CPI-SS028688B7B;EFNA5_HUMAN;EPHA7_HUMAN;PMID: 15114347
CPI-SS0288E42FB;CXCR1_HUMAN;CXCL6_HUMAN;PMID: 24218476
CPI-SS029C6E8FA;TNF15_HUMAN;TNF6B_HUMAN;uniprot
CPI-SS02A170A99;LEUK_HUMAN;SN_HUMAN;https://www.ncbi.nlm.nih.gov/pubmed/11238599
CPI-SS02AFCED82;EPHA2_HUMAN;EFNA5_HUMAN;PMID: 15114347
CPI-SS02B285B4D;EPHA8_HUMAN;EFNA4_HUMAN;PMID: 15114347
CPI-SS02B567BC7;PLXC1_HUMAN;SEM7A_HUMAN;PMID: 22325954
CPI-SS02B7540B0;LYAM3_HUMAN;SELPL_HUMAN;https://www.ncbi.nlm.nih.gov/pubmed/19118202,https://www.ncbi.nlm.nih.gov/pubmed/9829984,https://www.ncbi.nlm.nih.gov/pubmed/12393589
CPI-SS02C418D99;WNT2_HUMAN;FZD2_HUMAN;PMID: 24032637
CPI-SS02D18D12B;CADM3_HUMAN;CADM4_HUMAN;uniprot
CPI-SS02D7A1DDE;KIT_HUMAN;SCF_HUMAN;uniprot
CPI-SS02EF3E1BA;TNF12_HUMAN;TNR12_HUMAN;uniprot
CPI-SS02FBD007E;PVRL2_HUMAN;PVRL3_HUMAN;https://www.ncbi.nlm.nih.gov/pubmed/19011627,https://www.ncbi.nlm.nih.gov/pubmed/12740392/
CPI-SS03098AC28;ERBB4_HUMAN;HBEGF_HUMAN;uniprot
CPI-SS030BB46BB;ANXA1_HUMAN;FPR2_HUMAN;PMID: 22610094
CPI-SS0315F51DD;IL8_HUMAN;CXCR2_HUMAN;PMID: 24218476
CPI-SS03165AD8C;ACKR2_HUMAN;CCL2_HUMAN;PMID: 24218476
CPI-SS03188FD02;CCR8_HUMAN;CCL18_HUMAN;PMID: 24218476
CPI-SS0320FFAFC;CTLA4_HUMAN;CD80_HUMAN;antigen-stimulated T cells become anergic. Reviewed in PMID: 23954143
CPI-SS0322747C2;CEAM5_HUMAN;CEAM6_HUMAN;uniprot
CPI-SS032E9A219;CX3C1_HUMAN;X3CL1_HUMAN;PMID: 24218476
CPI-SS03339363E;HLAE_HUMAN;NKG2D_HUMAN;Induces NK Cell Activation. Reviewed in PMID: 24223577
CPI-SS0339AE950;SHPS1_HUMAN;CD47_HUMAN;Reviewed in PMID: 23602662
CPI-SS033A27302;LFTY2_HUMAN;TDGF1_HUMAN;PMID: 22710174
CPI-SS033E6DE7E;NRP1_HUMAN;VEGFB_HUMAN;uniprot
CPI-SS0348B76E5;CCL16_HUMAN;CCR1_HUMAN;PMID: 24218476
CPI-SS035E5A708;DLL3_HUMAN;NOTC3_HUMAN;PMID: 22353464
CPI-SS036437279;DSG1_HUMAN;DSC2_HUMAN;https://www.ncbi.nlm.nih.gov/pubmed/27298358
CPI-SS037E6BEDF;EFNA1_HUMAN;EPHA8_HUMAN;PMID: 15114347
CPI-SS03859E16F;TIGIT_HUMAN;PVRL3_HUMAN;PMID: 1313846
CPI-SS039799099;FGFR1_HUMAN;NCAM1_HUMAN;https://www.ncbi.nlm.nih.gov/pubmed/12791257
CPI-SS039863E62;CCL25_HUMAN;CCR9_HUMAN;PMID: 24218476
CPI-SS03A0C857B;TNR6_HUMAN;TNFL6_HUMAN;uniprot
CPI-SS03A2EFDD5;EPHA1_HUMAN;EFNA5_HUMAN;PMID: 15114347
CPI-SS03C51D352;TR13B_HUMAN;TN13B_HUMAN;uniprot
CPI-SS03CC15FF3;PGFRA_HUMAN;PDGFC_HUMAN;uniprot
CPI-SS03E273233;AA2AR_HUMAN;ENTP1_HUMAN;uniprot
CPI-SS03E450F99;EFNA1_HUMAN;EPHA7_HUMAN;PMID: 15114347
CPI-SS03E7587E4;AA1R_HUMAN;ENTP1_HUMAN;uniprot
CPI-SS03EACE0E0;HGFL_HUMAN;RON_HUMAN;PMID: 23792360
CPI-SS03EF699C7;HLAE_HUMAN;NKG2A_HUMAN;Induces NK Cell Inhibition. Reviewed in PMID: 24223577
CPI-SS03F821467;TACT_HUMAN;PVRL1_HUMAN;PMID: 17971293
CPI-SS0412C803A;TNR8_HUMAN;TNFL8_HUMAN;uniprot
CPI-SS041888D39;EPHA3_HUMAN;EFNA4_HUMAN;PMID: 15114347
CPI-SS0423580E5;DLL1_HUMAN;NOTC2_HUMAN;PMID: 22353464
CPI-SS04293B7DA;HLAF_HUMAN;KI3S1_HUMAN;https://www.ncbi.nlm.nih.gov/pubmed/27455421
CPI-SS042A6F835;IGF2_HUMAN;MPRI_HUMAN;uniprot
CPI-SS04318D03E;ACKR2_HUMAN;CCL3_HUMAN;PMID: 24218476
CPI-SS0431D2256;TNFL9_HUMAN;TNR9_HUMAN;uniprot
CPI-SS04456F441;TNFL4_HUMAN;TNR4_HUMAN;uniprot
CPI-SS044C72D0D;SEM4A_HUMAN;PLXD1_HUMAN;PMID: 22325954
CPI-SS045A5FC60;ACKR2_HUMAN;CCL14_HUMAN;PMID: 24218476
CPI-SS046F6F0C1;EFNA1_HUMAN;EPHA2_HUMAN;PMID: 15114347
CPI-SS0470AF83E;EPHB1_HUMAN;EFNB1_HUMAN;PMID: 15114347
CPI-SS047232C64;DLL1_HUMAN;NOTC3_HUMAN;PMID: 22353464
CPI-SS0481D83A4;EGFR_HUMAN;AREG_HUMAN;uniprot
CPI-SS048242083;HLAF_HUMAN;KI3L1_HUMAN;https://www.ncbi.nlm.nih.gov/pubmed/27455421
CPI-SS04A5D6B6F;DLL1_HUMAN;NOTC1_HUMAN;PMID: 22353464
CPI-SS04B4619D0;TNFA_HUMAN;TNR1A_HUMAN;uniprot
CPI-SS04BE14432;INHBC_HUMAN;AVR2B_HUMAN;PMID: 22710174
CPI-SS04C672963;ESAM_HUMAN;ESAM_HUMAN;https://www.ncbi.nlm.nih.gov/pubmed/11279107
CPI-SS04C8BC444;KLRF2_HUMAN;CLC2A_HUMAN;Induces NK Cell Activation. Reviewed in PMID: 24223577
CPI-SS04E690D72;PTN_HUMAN;PTPRZ_HUMAN;PMID: 25644401
CPI-SS04EE957D8;CCR1_HUMAN;CCL26_HUMAN;PMID: 24218476
CPI-SS04F90EE0D;LYAM2_HUMAN;GSLG1_HUMAN;https://www.ncbi.nlm.nih.gov/pubmed/11404363/
CPI-SS05162C56B;NTF3_HUMAN;NTRK3_HUMAN;uniprot
CPI-SS052127A00;NGF_HUMAN;NTRK1_HUMAN;uniprot
CPI-SS052B38F1C;CCL22_HUMAN;CCR4_HUMAN;PMID: 24218476
CPI-SS052BBD9F9;GROA_HUMAN;ACKR1_HUMAN;PMID: 24218476
CPI-SS052D34F0B;XCR1_HUMAN;XCL2_HUMAN;uniprot
CPI-SS053613259;NRG2_HUMAN;ERBB3_HUMAN;uniprot
CPI-SS05550A895;WNT7A_HUMAN;FZD5_HUMAN;PMID: 24032637
CPI-SS055B305F1;CEAM1_HUMAN;CD209_HUMAN;https://www.ncbi.nlm.nih.gov/pubmed/16282604,https://www.ncbi.nlm.nih.gov/pubmed/16246332
CPI-SS056FF4363;CD48_HUMAN;CD244_HUMAN;activating interaction. uniprot & PMID: 26697006
CPI-SS0579FA162;IGF2_HUMAN;IGF1R_HUMAN;PMID: 27102148
CPI-SS0586F2596;EPHB2_HUMAN;EFNA5_HUMAN;PMID:15107857
CPI-SS059CC19A3;CCR1_HUMAN;CCL14_HUMAN;PMID: 24218476
CPI-SS05A26A1DE;PDGFB_HUMAN;PGFRB_HUMAN;uniprot
CPI-SS05A94DE17;FGF2_HUMAN;FGFR2_HUMAN;uniprot
CPI-SS05B4EB419;EFNA3_HUMAN;EPHA4_HUMAN;PMID: 15114347
CPI-SS05B7D3407;CCL5_HUMAN;ACKR1_HUMAN;PMID: 24218476
CPI-SS05CE87F88;HLAG_HUMAN;LIRB1_HUMAN;uniprot, Induces NK Cell Inhibition. Reviewed in PMID:24987108
CPI-SS05D7900BF;PTN_HUMAN;ALK_HUMAN;uniprot
CPI-SS05E4B1EBC;INS_HUMAN;INSR_HUMAN;uniprot
CPI-SS05E63FBEC;CXCR1_HUMAN;CXCL5_HUMAN;PMID: 24218476
CPI-SS05E6D620E;EPHA1_HUMAN;EFNA4_HUMAN;PMID: 15114347
CPI-SS05FEE05CB;NOTC4_HUMAN;JAG2_HUMAN;PMID: 22353464
CPI-SS0607D1101;NOTC1_HUMAN;DLL3_HUMAN;PMID: 22353464
CPI-SS060B82BBC;JAG1_HUMAN;NOTC2_HUMAN;PMID: 22353464
CPI-SS061A7E099;DAF_HUMAN;CD97_HUMAN;https://www.ncbi.nlm.nih.gov/pubmed/11297558
CPI-SS06207F70E;CD226_HUMAN;PVRL2_HUMAN;activating interaction PMID: 15607800, NK cell cytotoxicity. PMID: 24440149
CPI-SS062307CFE;DSG1_HUMAN;DSC1_HUMAN;https://www.ncbi.nlm.nih.gov/pubmed/27298358
CPI-SS0659DBE72;EFNA4_HUMAN;EPHA4_HUMAN;PMID: 15114347
CPI-SS066FBE098;IL13_HUMAN;I13R2_HUMAN;PMID: 26471366
CPI-SS066FE05CA;LEP_HUMAN;LEPR_HUMAN;uniprot
CPI-SS067BA9202;LAIR1_HUMAN;LIRB4_HUMAN;https://www.ncbi.nlm.nih.gov/pubmed/19283782/
CPI-SS0698C4DC4;IL8_HUMAN;CXCR1_HUMAN;PMID: 24218476
CPI-SS06AA638A8;CD72_HUMAN;SEM4D_HUMAN;PMID: 22325954
CPI-SS06ABF2F5A;LYAM3_HUMAN;CD24_HUMAN;https://www.ncbi.nlm.nih.gov/pubmed/9129046
CPI-SS06B0861F1;ACKR2_HUMAN;CCL13_HUMAN;PMID: 24218476
CPI-SS06BC4D123;ERBB3_HUMAN;BTC_HUMAN;uniprot
CPI-SS06C0074BD;CCL21_HUMAN;CCR7_HUMAN;PMID: 24218476
CPI-SS06CBC985C;TNR3_HUMAN;TNFC_HUMAN;uniprot
CPI-SS06D13FCD3;DSC2_HUMAN;DSG2_HUMAN;https://www.ncbi.nlm.nih.gov/pubmed/27298358
CPI-SS06F83AE58;CD44_HUMAN;LYAM2_HUMAN;https://www.ncbi.nlm.nih.gov/pmc/articles/PMC4571854/
CPI-SS070C51D94;FZD7_HUMAN;WNT3_HUMAN;PMID: 24032637
CPI-SS07327E587;CD28_HUMAN;CD80_HUMAN;antigen-stimulated T cells become activated. Reviewed in PMID: 23954143
CPI-SS073811AB3;TR11B_HUMAN;TNF11_HUMAN;uniprot
CPI-SS073C1B796;CD52_HUMAN;SIG10_HUMAN;https://www.ncbi.nlm.nih.gov/pubmed/23685786
CPI-SS074CF011C;ERBB4_HUMAN;NRG4_HUMAN;uniprot
CPI-SS0755A26DD;FGF1_HUMAN;FGFR1_HUMAN;uniprot
CPI-SS0762B455F;EFNA1_HUMAN;EPHA5_HUMAN;PMID: 15114347
CPI-SS076FEB261;FLT3_HUMAN;FLT3L_HUMAN;uniprot
CPI-SS077D7365D;CD28_HUMAN;CD86_HUMAN;antigen-stimulated T cells become activated. Reviewed in PMID: 23954143
CPI-SS079728E8B;AA2BR_HUMAN;ENTP1_HUMAN;uniprot
CPI-SS079EF5D9C;EFNA3_HUMAN;EPHA5_HUMAN;PMID: 15114347
CPI-SS07AB1C381;CXCL7_HUMAN;CXCR1_HUMAN;PMID: 24218476
CPI-SS07BECB892;EPHA2_HUMAN;EFNA3_HUMAN;PMID: 15114347
CPI-SS07CA5A6F1;EPHA4_HUMAN;EFNB3_HUMAN;PMID: 15114347
CPI-SS07D9A48A2;TNFB_HUMAN;TNR1B_HUMAN;uniprot
CPI-SS07F015051;CCR6_HUMAN;CCL20_HUMAN;PMID: 24218476
CPI-SS07F042076;EGFR_HUMAN;EPGN_HUMAN;uniprot
CPI-SS07F60834D;MET_HUMAN;HGF_HUMAN;uniprot
CPI-SS080683E15;CXL10_HUMAN;CXCR3_HUMAN;PMID: 24218476
CPI-SS08083B141;NRP1_HUMAN;SEM3A_HUMAN;uniprot
CPI-SS08102DC9E;GROA_HUMAN;CXCR2_HUMAN;PMID: 24218476
CPI-SS0815A0EE0;CCR3_HUMAN;CCL26_HUMAN;PMID: 24218476
CPI-SS0817CE2B3;CL3L1_HUMAN;CCR1_HUMAN;PMID: 24218476
CPI-SS081AD39D7;PECA1_HUMAN;CD177_HUMAN;https://www.ncbi.nlm.nih.gov/pubmed/17580308
CPI-SS0822AEF5F;PTPRC_HUMAN;MRC1_HUMAN;https://www.ncbi.nlm.nih.gov/pubmed/27601670,https://www.ncbi.nlm.nih.gov/pubmed/10575006
CPI-SS082ABF1EA;EFNB2_HUMAN;EPHB3_HUMAN;PMID: 15114347
CPI-SS082AD7B6A;FZD6_HUMAN;WNT5A_HUMAN;PMID: 24032637
CPI-SS0830C7910;EFNA2_HUMAN;EPHA8_HUMAN;PMID: 15114347
CPI-SS083296041;TNR5_HUMAN;CD40L_HUMAN;Reviewed in PMID: 23602662
CPI-SS08376F0E6;CSF3_HUMAN;CSF3R_HUMAN;uniprot
CPI-SS0837E9F59;JAG1_HUMAN;NOTC4_HUMAN;PMID: 22353464
CPI-SS083B5EBAB;CXL13_HUMAN;ACKR4_HUMAN;PMID: 24218476
CPI-SS084BE3E4B;TNFB_HUMAN;TNR1A_HUMAN;uniprot
CPI-SS0855C0353;NRP1_HUMAN;PLGF_HUMAN;uniprot
CPI-SS0859C173B;TNF14_HUMAN;TNR3_HUMAN;uniprot
CPI-SS085EE60B1;TGFB1_HUMAN;TGBR3_HUMAN;uniprot
CPI-SS0865716E5;EPHB4_HUMAN;EFNB3_HUMAN;PMID: 15114347
CPI-SS086A1C18B;LYAM2_HUMAN;SELPL_HUMAN;https://www.ncbi.nlm.nih.gov/pmc/articles/PMC4571854/
CPI-SS08718E4FB;EPHB6_HUMAN;EFNB3_HUMAN;PMID: 15114347
CPI-SS087321EB5;LYAM1_HUMAN;SELPL_HUMAN;https://www.ncbi.nlm.nih.gov/pmc/articles/PMC2431087/,https://www.ncbi.nlm.nih.gov/pubmed/8892633,https://www.ncbi.nlm.nih.gov/pubmed/8896607
CPI-SS0879B8E95;BY55_HUMAN;TNR14_HUMAN;https://www.ncbi.nlm.nih.gov/pubmed/21959263
CPI-SS087A17AD6;EPO_HUMAN;EPOR_HUMAN;uniprot
CPI-SS087B53ABF;JAM2_HUMAN;JAM3_HUMAN;https://www.ncbi.nlm.nih.gov/pmc/articles/PMC1237098/,https://www.ncbi.nlm.nih.gov/pubmed/11590146
CPI-SS087BD262F;CXCR2_HUMAN;CXCL5_HUMAN;PMID: 24218476
CPI-SS087E0E3FB;EFNB2_HUMAN;EPHA4_HUMAN;PMID: 15114347
CPI-SS0889E281D;CADM1_HUMAN;CADM1_HUMAN;https://www.ncbi.nlm.nih.gov/pubmed/24503895
CPI-SS08920B6FF;PODXL_HUMAN;LYAM1_HUMAN;https://www.ncbi.nlm.nih.gov/pubmed/22814396
CPI-SS0898D7F7F;TR10B_HUMAN;TNF10_HUMAN;uniprot
CPI-SS08991B378;CD6_HUMAN;CD166_HUMAN;Reviewed in PMID: 23602662
CPI-SS08A54963F;EFNA2_HUMAN;EPHA2_HUMAN;PMID: 15114347
CPI-SS08B91FD2A;CCR1_HUMAN;CCL7_HUMAN;PMID: 24218476
CPI-SS08B94BEB2;DSC1_HUMAN;DSG2_HUMAN;https://www.ncbi.nlm.nih.gov/pubmed/27298358
CPI-SS08BFF4F9B;CCL3_HUMAN;CCR3_HUMAN;PMID: 24218476
CPI-SS08C3D27F7;NOTC1_HUMAN;JAG2_HUMAN;PMID: 22353464
CPI-SS08C411721;CEAM8_HUMAN;CEAM6_HUMAN;https://www.ncbi.nlm.nih.gov/pubmed/11590190
CPI-SS08D0F9109;EFNB2_HUMAN;EPHB4_HUMAN;PMID: 15114347
CPI-SS08DA48A5A;CCL3_HUMAN;CCR1_HUMAN;PMID: 24218476
CPI-SS08E13FAF2;ACKR2_HUMAN;CCL11_HUMAN;PMID: 24218476
CPI-SS08F13AD5C;CD80_HUMAN;PD1L1_HUMAN;https://www.ncbi.nlm.nih.gov/pubmed/17629517,https://www.ncbi.nlm.nih.gov/pubmed/18585785,https://www.ncbi.nlm.nih.gov/pmc/articles/PMC3168865/
CPI-SS08FAC0A55;PLXB2_HUMAN;SEM4D_HUMAN;PMID: 22325954
CPI-SS09000F32A;DSG1_HUMAN;DSC3_HUMAN;https://www.ncbi.nlm.nih.gov/pubmed/27298358
CPI-SS090FC28E1;EPHB6_HUMAN;EFNB2_HUMAN;PMID: 15114347
CPI-SS0911EECCC;IL8_HUMAN;ACKR1_HUMAN;PMID: 24218476
CPI-SS0917CBD53;HLAC;KI2L3_HUMAN;PMID: 28484462
CPI-SS09185EA8F;CXCL3_HUMAN;CXCR2_HUMAN;PMID: 24218476
CPI-SS09199F78C;CCR1_HUMAN;CCL23_HUMAN;PMID: 24218476
CPI-SS092C1B321;CCR2_HUMAN;CCL26_HUMAN;PMID: 24218476
CPI-SS0938C6980;DLL4_HUMAN;NOTC3_HUMAN;PMID: 22353464
CPI-SS093922D5A;CCL16_HUMAN;CCR2_HUMAN;PMID: 24218476
CPI-SS093E05DD4;NTF3_HUMAN;NTRK2_HUMAN;uniprot
CPI-SS0947A8549;VGFR1_HUMAN;VEGFB_HUMAN;uniprot
CPI-SS095DCA7F7;LIRA4_HUMAN;BST2_HUMAN;https://www.ncbi.nlm.nih.gov/pubmed/19564354/
CPI-SS095E52E66;TNF10_HUMAN;TR10D_HUMAN;uniprot
CPI-SS09808DEAE;HG2A_HUMAN;A4_HUMAN;https://www.ncbi.nlm.nih.gov/pubmed/19849849
CPI-SS0987A89AE;HLAB;KI3L2_HUMAN;uniprot
CPI-SS098EFF959;CCR7_HUMAN;CCL19_HUMAN;PMID: 24218476
CPI-SS099C401F7;AVR2A_HUMAN;INHBE_HUMAN;PMID: 22710174
CPI-SS09AFCF898;CCR2_HUMAN;CCL8_HUMAN;PMID: 24218476
CPI-SS09C06644C;CADM3_HUMAN;CADM1_HUMAN;uniprot
CPI-SS09C4FCB90;ICAM1_HUMAN;LEUK_HUMAN;https://www.ncbi.nlm.nih.gov/pubmed/1683685
CPI-SS09CA492BA;EFNA1_HUMAN;EPHA3_HUMAN;PMID: 15114347
CPI-SS09CCC0451;INHBE_HUMAN;AVR2B_HUMAN;PMID: 22710174
CPI-SS09D379E5B;NOTC4_HUMAN;DLL3_HUMAN;PMID: 22353464
CPI-SS09E3F5044;EFNA5_HUMAN;EPHA5_HUMAN;PMID: 15114347
CPI-SS09F973C1A;EPHA2_HUMAN;EFNA4_HUMAN;PMID: 15114347
CPI-SS09FAC4977;CXL11_HUMAN;CXCR3_HUMAN;PMID: 24218476
CPI-SS09FF3A1EA;FZD9_HUMAN;WNT2_HUMAN;PMID: 24032637
CPI-SS0A021DB6E;CCL5_HUMAN;CCR1_HUMAN;PMID: 24218476
CPI-SS0A19E9C34;EGFR_HUMAN;BTC_HUMAN;uniprot
CPI-SS0A28DCA72;SDF1_HUMAN;CXCR4_HUMAN;PMID: 24218476
CPI-SS0A2949959;ICAM3_HUMAN;CD209_HUMAN;https://www.ncbi.nlm.nih.gov/pubmed/15795245
CPI-SS0A2D7895C;CEAM1_HUMAN;CEAM6_HUMAN;https://www.ncbi.nlm.nih.gov/pubmed/21982860
CPI-SS0A34EE366;NOTC1_HUMAN;DLK1_HUMAN;PMID: 22353464
CPI-SS0A5B945E3;EPHB3_HUMAN;EFNB3_HUMAN;PMID: 15114347
CPI-SS0A5DF05C0;TIGIT_HUMAN;PVRL2_HUMAN;PMID: 1313846, Induces NK Cell Inhibition. Reviewed in PMID:24987108
CPI-SS0A683CBC1;WNT7B_HUMAN;FZD10_HUMAN;PMID: 24032637
CPI-SS0A76A8E97;HLAF_HUMAN;LIRB2_HUMAN;https://www.ncbi.nlm.nih.gov/pubmed/11169396
CPI-SS0A8627ED6;PVR_HUMAN;CD226_HUMAN;activating interaction PMID: 15607800, NK cell cytotoxicity. PMID: 24440149
CPI-SS0A93C11C8;TNR16_HUMAN;BDNF_HUMAN;uniprot
CPI-SS0A9E884E0;OX2G_HUMAN;MO2R1_HUMAN;PMID: 22020332, also called CD200-CD200R
CPI-SS0AB0604B5;EPHA3_HUMAN;EFNA3_HUMAN;PMID: 15114347
CPI-SS0AB21032D;PLXB2_HUMAN;SEM4C_HUMAN;uniprot
CPI-SS0ABD11350;HLAC;KI2L1_HUMAN;PMID: 28484462
CPI-SS0AC66088D;CEAM5_HUMAN;CD1D_HUMAN;https://www.ncbi.nlm.nih.gov/pubmed/24104458
CPI-SS0ACD487F0;L1CAM_HUMAN;L1CAM_HUMAN;https://www.ncbi.nlm.nih.gov/pubmed/18701456/
CPI-SS0AD0ED887;TR11B_HUMAN;TNF10_HUMAN;uniprot
CPI-SS0ADA38C78;ACKR2_HUMAN;CCL7_HUMAN;PMID: 24218476
CPI-SS0ADA587B4;TNR16_HUMAN;NTF3_HUMAN;uniprot
CPI-SS0AE4CF4E7;ACKR2_HUMAN;CCL5_HUMAN;PMID: 24218476
CPI-SS0AEC33FF1;CCL22_HUMAN;DPP4_HUMAN;PMID: 24218476
CPI-SS0AFE077D8;ACKR2_HUMAN;CCL4_HUMAN;PMID: 24218476
CPI-SS0B01CF3AB;CSF1R_HUMAN;CSF1_HUMAN;uniprot
CPI-SS0B01D306C;CCL5_HUMAN;CCR5_HUMAN;PMID: 24218476
CPI-SS0B0AC1603;CCL24_HUMAN;CCR3_HUMAN;PMID: 24218476
CPI-SS0B0E09B1C;CTLA4_HUMAN;CD86_HUMAN;antigen-stimulated T cells become anergic. Reviewed in PMID: 23954143
CPI-SS0B186A32C;CCR5_HUMAN;CCL7_HUMAN;PMID: 24218476
CPI-SS0B2979A10;CCR10_HUMAN;CCL27_HUMAN;PMID: 24218476
CPI-SS0B2D5BA95;WNT5A_HUMAN;FZD1_HUMAN;PMID: 24032637
CPI-SS0B337B316;TIE2_HUMAN;ANGP1_HUMAN;uniprot
CPI-SS0B34CBA4B;EFNA2_HUMAN;EPHA1_HUMAN;PMID: 15114347
CPI-SS0B3829651;CADM3_HUMAN;E41L1_HUMAN;uniprot
CPI-SS0B537DD3F;CEAM5_HUMAN;CEAM1_HUMAN;Induces NK Cell Inhibition. Reviewed in PMID:24987108
CPI-SS0B6643F31;XCR1_HUMAN;XCL1_HUMAN;PMID: 24218476
CPI-SS0B6F0C894;DSG2_HUMAN;DSC3_HUMAN;https://www.ncbi.nlm.nih.gov/pubmed/27298358
CPI-SS0B70EB09E;PDGFA_HUMAN;PGFRA_HUMAN;uniprot
CPI-SS0B784A03E;CCL1_HUMAN;CCR8_HUMAN;PMID: 24218476
CPI-SS0B8083B44;WNT7B_HUMAN;FZD4_HUMAN;PMID: 24032637
CPI-SS0B84DAE3D;PVR_HUMAN;TACT_HUMAN;uniprot
CPI-SS0B87FE6E0;NOTC1_HUMAN;JAG1_HUMAN;PMID: 22353464
CPI-SS0B89DD8C1;TNF13_HUMAN;TNR17_HUMAN;uniprot
CPI-SS0B990492C;CADM1_HUMAN;PVRL3_HUMAN;uniprot
CPI-SS0B99F22A2;JAG1_HUMAN;NOTC3_HUMAN;PMID: 22353464
CPI-SS0B9B3870A;VEGFA_HUMAN;VGFR1_HUMAN;uniprot
CPI-SS0B9DC75DD;TNF14_HUMAN;TNF6B_HUMAN;uniprot
CPI-SS0B9E8C0DE;EPHB2_HUMAN;EFNB2_HUMAN;PMID: 15114347
CPI-SS0BA3A1C3A;TNR16_HUMAN;NTF4_HUMAN;uniprot
CPI-SS0BA601DC4;BDNF_HUMAN;NTRK2_HUMAN;uniprot
CPI-SS0BAB460FF;ANGP2_HUMAN;TIE2_HUMAN;uniprot
CPI-SS0BD5C2A23;NRG1_HUMAN;ERBB4_HUMAN;uniprot
CPI-SS0BDC04683;CEAM1_HUMAN;LYAM2_HUMAN;https://www.ncbi.nlm.nih.gov/pubmed/1378450
CPI-SS0BDD10277;HLAF_HUMAN;KI3L2_HUMAN;https://www.ncbi.nlm.nih.gov/pubmed/27455421
CPI-SS0BE8BE8E9;ACKR2_HUMAN;CCL8_HUMAN;PMID: 24218476
CPI-SS0BEAB521F;EPHA3_HUMAN;EFNA5_HUMAN;PMID: 15114347
CPI-SS0BF9FA3F2;ERBB3_HUMAN;NRG1_HUMAN;uniprot
CPI-SS0BFD8E056;EFNB2_HUMAN;EPHB1_HUMAN;PMID: 15114347
CPI-SS0C03F7CDC;VEGFA_HUMAN;VGFR2_HUMAN;uniprot
CPI-SS0C090A257;CCL3_HUMAN;CCR5_HUMAN;PMID: 15251452
CPI-SS0C0A61F92;PLXB2_HUMAN;SEM4G_HUMAN;uniprot
CPI-SS0C10824C7;EGFR_HUMAN;HBEGF_HUMAN;uniprot
CPI-SS0C1F25516;CD8A_HUMAN;CEAM5_HUMAN;https://www.ncbi.nlm.nih.gov/pubmed/24104458
CPI-SS0C2437E0D;CXL13_HUMAN;CXCR5_HUMAN;PMID: 24218476
CPI-SS0C2561156;WNT2_HUMAN;FZD4_HUMAN;PMID: 24032637
CPI-SS0C491A3C1;CXCL7_HUMAN;CXCR2_HUMAN;PMID: 24218476
CPI-SS0C4D54E39;NOTC3_HUMAN;JAG2_HUMAN;PMID: 22353464
CPI-SS0C4FA643F;HLAE_HUMAN;NKG2C_HUMAN;activating interaction. uniprot & PMID: 26697006
CPI-SS0C5E9FBFB;PVRL1_HUMAN;PVRL3_HUMAN;https://www.ncbi.nlm.nih.gov/pubmed/12740392/
CPI-SS0C62E5DD8;GROA_HUMAN;CXCR1_HUMAN;PMID: 24218476
CPI-SS0C6311D2D;CL3L1_HUMAN;CCR3_HUMAN;PMID: 24218476
CPI-SS0C7915758;CXCR2_HUMAN;CXCL6_HUMAN;PMID: 24218476
CPI-SS0C84DF380;CCR1_HUMAN;CCL15_HUMAN;uniprot
CPI-SS0C875BA24;EFNA2_HUMAN;EPHA3_HUMAN;PMID: 15114347
CPI-SS0C9696AAA;CRTAM_HUMAN;CADM1_HUMAN;uniprot
CPI-SS0C98C08DA;CCR2_HUMAN;CCL13_HUMAN;PMID: 24218476
CPI-SS0CBA3DA0D;CCR3_HUMAN;CCL7_HUMAN;PMID: 24218476
CPI-SS0CBAA9BCC;HLAA;KI3L1_HUMAN;uniprot
CPI-SS0CBC7840D;PTPRC_HUMAN;CD22_HUMAN;https://www.ncbi.nlm.nih.gov/pubmed/12115612/
CPI-SS0CC5DCE80;CADH1_HUMAN;KLRG1_HUMAN;https://www.ncbi.nlm.nih.gov/pmc/articles/PMC3030123/
CPI-SS0CC738ABC;CXL11_HUMAN;DPP4_HUMAN;PMID: 24218476
CPI-SS0CCCF7C69;PLXB1_HUMAN;SEM4D_HUMAN;PMID: 22325954
CPI-SS0CCD89E02;CCL25_HUMAN;ACKR4_HUMAN;PMID: 24218476
CPI-SS0CCDBBBC0;CEAM1_HUMAN;CEAM8_HUMAN;https://www.ncbi.nlm.nih.gov/pubmed/24743304
CPI-SS0CDAC688B;CXCL2_HUMAN;DPP4_HUMAN;PMID: 24218476
CPI-SS0CF0E4DE9;CCL2_HUMAN;CCR2_HUMAN;PMID: 24218476
CPI-SS0D00AAD2F;SEM5A_HUMAN;PLXB3_HUMAN;uniprot
CPI-SS0D1D95883;CCL4_HUMAN;CCR5_HUMAN;uniprot
CPI-SS0D22A09AD;NRP2_HUMAN;PLGF_HUMAN;uniprot
CPI-SS0D37C7C70;DLK1_HUMAN;NOTC4_HUMAN;PMID: 22353464
CPI-SS0D41C7AF5;EPHB1_HUMAN;EFNB3_HUMAN;PMID: 15114347
CPI-SS0D46E2B45;TGFB3_HUMAN;TGBR3_HUMAN;uniprot
CPI-SS0D4BF6CA3;CD27_HUMAN;CD70_HUMAN;activating interaction for NK and T cells. uniprot & PMID: 26697006
CPI-SS0D53B88CC;AVR2A_HUMAN;INHBC_HUMAN;PMID: 22710174
CPI-SS0D5DBB634;EFNA3_HUMAN;EPHA7_HUMAN;PMID: 15114347
CPI-SS0D5E30C6C;NRG3_HUMAN;ERBB4_HUMAN;uniprot
CPI-SS0D636A374;FGF2_HUMAN;FGFR3_HUMAN;uniprot
CPI-SS0D81C6C1D;WNT7B_HUMAN;FZD1_HUMAN;PMID: 24032637
CPI-SS0D81D9F5E;EFNA2_HUMAN;EPHA5_HUMAN;PMID: 15114347
CPI-SS0D883FFF1;VEGFD_HUMAN;VGFR3_HUMAN;uniprot
CPI-SS0D954EA1C;PGFRB_HUMAN;PDGFD_HUMAN;uniprot
CPI-SS0DA366C78;EPHB2_HUMAN;EFNB3_HUMAN;PMID: 15114347
CPI-SS0DBA4D668;DPP4_HUMAN;SDF1_HUMAN;PMID: 24218476
CPI-SS0DBA81CCF;HLAG_HUMAN;LIRB2_HUMAN;uniprot
CPI-SS0DBFB8BEA;CCL2_HUMAN;ACKR1_HUMAN;PMID: 24218476
CPI-SS0DC2DD9D7;TPO_HUMAN;TPOR_HUMAN;uniprot
CPI-SS0DC4D593E;EPHB6_HUMAN;EFNB1_HUMAN;PMID: 15114347
CPI-SS0DC5ADBF1;WNT1_HUMAN;FZD1_HUMAN;PMID: 24032637
CPI-SS0DCA69916;TR13B_HUMAN;TNF13_HUMAN;uniprot
CPI-SS0DE0A486F;NRP1_HUMAN;VEGFA_HUMAN;uniprot
CPI-SS0DF162C10;EPHA8_HUMAN;EFNA3_HUMAN;PMID: 15114347
CPI-SS0DFA98A14;CSF1R_HUMAN;IL34_HUMAN;uniprot
CPI-SS0DFAF1FE2;CCR5_HUMAN;CCL8_HUMAN;PMID: 24218476
CPI-SS0E00478B4;NRP2_HUMAN;VEGFA_HUMAN;uniprot
CPI-SS0E063192D;NRG2_HUMAN;ERBB4_HUMAN;uniprot
CPI-SS0E0DEA7D5;PECA1_HUMAN;CD38_HUMAN;https://www.ncbi.nlm.nih.gov/pubmed/9551996,https://www.ncbi.nlm.nih.gov/pubmed/26407101
CPI-SS0E1A8414D;DLK1_HUMAN;NOTC2_HUMAN;PMID: 22353464
CPI-SS0E23CEB91;LEG9_HUMAN;HAVR2_HUMAN;Reviewed in PMID: 27192565
CPI-SS0E25CE362;EGFR_HUMAN;TGFA_HUMAN;uniprot
CPI-SS0E2863F09;TNR17_HUMAN;TN13B_HUMAN;uniprot
CPI-SS0E292C126;KLRB1_HUMAN;CLC2D_HUMAN;Induces NK Cell Inhibition. Reviewed in PMID: 24223577
CPI-SS0E32BEF02;WNT5A_HUMAN;FZD5_HUMAN;PMID: 24032637
CPI-SS0E41702C1;IGF1_HUMAN;IGF1R_HUMAN;uniprot
CPI-SS0E4B1484B;ICOSL_HUMAN;ICOS_HUMAN;important for T follicular helper cells (Tfh) and type 2 T helper cell (Th2) responses. Reviewed in PMID: 23954143
CPI-SS0E61DB5DF;VGFR1_HUMAN;PLGF_HUMAN;uniprot
CPI-SS0E63AB61E;EFNA2_HUMAN;EPHA4_HUMAN;PMID: 15114347
CPI-SS0E7D5974D;TNFA_HUMAN;TNR1B_HUMAN;uniprot
CPI-SS0E7EDE823;CCR3_HUMAN;CCL8_HUMAN;PMID: 24218476
CPI-SS0E9015902;CD47_HUMAN;SIRPG_HUMAN;https://www.ncbi.nlm.nih.gov/pubmed/15294972
CPI-SS0E9A581F8;ICAM1_HUMAN;ITAL_HUMAN;Reviewed in PMID: 23602662
CPI-SS0E9F84F1F;LFTY1_HUMAN;TDGF1_HUMAN;PMID: 22710174
CPI-SS0EA05941A;CCL5_HUMAN;CCR4_HUMAN;PMID: 24218476
CPI-SS0EAB03260;CD1D_HUMAN;LIRB2_HUMAN;https://www.ncbi.nlm.nih.gov/pubmed/19124746/
CPI-SS0EB5AEC83;LYAM1_HUMAN;CD34_HUMAN;https://www.ncbi.nlm.nih.gov/pubmed/7692600,https://www.ncbi.nlm.nih.gov/pubmed/8977216
CPI-SS0EBA5A4D8;VEGFD_HUMAN;VGFR2_HUMAN;uniprot
CPI-SS0EBFE1854;EFNA1_HUMAN;EPHA4_HUMAN;PMID: 15114347
CPI-SS0ECD9BB5E;CCL21_HUMAN;ACKR4_HUMAN;PMID: 24218476
CPI-SS0ED2573CA;TNF11_HUMAN;TNR11_HUMAN;uniprot
CPI-SS0EDD062F7;CCR3_HUMAN;CCL13_HUMAN;PMID: 24218476
CPI-SS0EDD4928A;NGF_HUMAN;TNR16_HUMAN;uniprot
CPI-SS0EF1A7415;CCR4_HUMAN;CCL17_HUMAN;PMID: 24218476
CPI-SS0F0D7F25C;BTC_HUMAN;ERBB4_HUMAN;uniprot
CPI-SS0F15C1AB3;NRP2_HUMAN;SEM3F_HUMAN;uniprot
CPI-SS0F1A060D4;PVR_HUMAN;PVRL3_HUMAN;https://www.ncbi.nlm.nih.gov/pubmed/19011627,https://www.ncbi.nlm.nih.gov/pubmed/12740392/
CPI-SS0F21D6CA0;EPHB4_HUMAN;EFNB1_HUMAN;PMID: 15114347
CPI-SS0F26BB901;WNT2_HUMAN;FZD3_HUMAN;PMID: 24032637
CPI-SS0F33890C0;CCL11_HUMAN;CCR3_HUMAN;PMID: 24218476
CPI-SS0F3A089DE;SEM3E_HUMAN;PLXD1_HUMAN;PMID: 22325954
CPI-SS0F4D30D5A;EGFR_HUMAN;EGF_HUMAN;uniprot
CPI-SS0F52745F3;DPP4_HUMAN;CXCL9_HUMAN;PMID: 24218476
CPI-SS0F562FEA5;CXCL2_HUMAN;CXCR2_HUMAN;PMID: 24218476
CPI-SS0F5B6B186;PDCD1_HUMAN;PD1L2_HUMAN;antigen-stimulated T cells become anergic. PMID: 23954143
CPI-SS0F6B529A1;CCL5_HUMAN;CCR3_HUMAN;PMID: 24218476
CPI-SS0F81DBF22;EFNA4_HUMAN;EPHA7_HUMAN;PMID: 15114347
CPI-SS0F8C2FA91;CCR1_HUMAN;CCL8_HUMAN;PMID: 24218476
CPI-SS0F94547B2;NCTR3_HUMAN;NR3L1_HUMAN;activating interaction from uniprot
CPI-SS0F972435E;VGFR3_HUMAN;VEGFC_HUMAN;uniprot
CPI-SS0F9D53834;JAM3_HUMAN;JAM3_HUMAN;https://www.ncbi.nlm.nih.gov/pubmed/16118203
CPI-SS0FA326344;FZD6_HUMAN;WNT4_HUMAN;PMID: 24032637
CPI-SS0FA7A69D9;CCR3_HUMAN;CCL14_HUMAN;PMID: 24218476
CPI-SS0FAF4BB9E;DPP4_HUMAN;CCL11_HUMAN;PMID: 24218476
CPI-SS0FB5FE587;DLL1_HUMAN;NOTC4_HUMAN;PMID: 22353464
CPI-SS0FC01B947;EFNA5_HUMAN;EPHA4_HUMAN;PMID: 15114347
CPI-SS0FC42EC80;EREG_HUMAN;ERBB4_HUMAN;uniprot
CPI-SS0FDAB7BA8;CXL10_HUMAN;DPP4_HUMAN;PMID: 24218476
CPI-SS0FEEB187C;PDGFB_HUMAN;PGFRA_HUMAN;uniprot
CPI-SS0FF49C823;EFNA1_HUMAN;EPHA1_HUMAN;PMID: 15114347
CPI-SS0FF51A757;TNF18_HUMAN;TNR18_HUMAN;uniprot
CPI-SS0FF55B42C;EPHB3_HUMAN;EFNB1_HUMAN;PMID: 15114347
CPI-SS0FF6CFDCA;AA3R_HUMAN;ENTP1_HUMAN;uniprot
